rm -rf ./build
mkdir -p build/./src/
gcc -I./include -L/nix/store/m9fycbkaairz8kampnsl7sx1aanvl0db-gmp-with-cxx-6.3.0/lib -I/nix/store/x8r21k5xskd7647wzb625g3gfxrj97w8-sqlite-3.48.0-dev/include -L/nix/store/ks3slx52c0jmfgg717n0jq9lp354mlnw-sqlite-3.48.0/lib -MMD -MP -fPIC -g -lpthread -lgmp -lsqlite3 -O3   -c src/sqlenv.c -o build/./src/sqlenv.c.o
mkdir -p build/./src/
gcc -I./include -L/nix/store/m9fycbkaairz8kampnsl7sx1aanvl0db-gmp-with-cxx-6.3.0/lib -I/nix/store/x8r21k5xskd7647wzb625g3gfxrj97w8-sqlite-3.48.0-dev/include -L/nix/store/ks3slx52c0jmfgg717n0jq9lp354mlnw-sqlite-3.48.0/lib -MMD -MP -fPIC -g -lpthread -lgmp -lsqlite3 -O3   -c src/main.c -o build/./src/main.c.o
mkdir -p build/./src/
gcc -I./include -L/nix/store/m9fycbkaairz8kampnsl7sx1aanvl0db-gmp-with-cxx-6.3.0/lib -I/nix/store/x8r21k5xskd7647wzb625g3gfxrj97w8-sqlite-3.48.0-dev/include -L/nix/store/ks3slx52c0jmfgg717n0jq9lp354mlnw-sqlite-3.48.0/lib -MMD -MP -fPIC -g -lpthread -lgmp -lsqlite3 -O3   -c src/turing_threading.c -o build/./src/turing_threading.c.o
mkdir -p build/./src/
gcc -I./include -L/nix/store/m9fycbkaairz8kampnsl7sx1aanvl0db-gmp-with-cxx-6.3.0/lib -I/nix/store/x8r21k5xskd7647wzb625g3gfxrj97w8-sqlite-3.48.0-dev/include -L/nix/store/ks3slx52c0jmfgg717n0jq9lp354mlnw-sqlite-3.48.0/lib -MMD -MP -fPIC -g -lpthread -lgmp -lsqlite3 -O3   -c src/turing_enumerate.c -o build/./src/turing_enumerate.c.o
mkdir -p build/./src/
gcc -I./include -L/nix/store/m9fycbkaairz8kampnsl7sx1aanvl0db-gmp-with-cxx-6.3.0/lib -I/nix/store/x8r21k5xskd7647wzb625g3gfxrj97w8-sqlite-3.48.0-dev/include -L/nix/store/ks3slx52c0jmfgg717n0jq9lp354mlnw-sqlite-3.48.0/lib -MMD -MP -fPIC -g -lpthread -lgmp -lsqlite3 -O3   -c src/turing_sim.c -o build/./src/turing_sim.c.o
mkdir -p build/./src/
gcc -I./include -L/nix/store/m9fycbkaairz8kampnsl7sx1aanvl0db-gmp-with-cxx-6.3.0/lib -I/nix/store/x8r21k5xskd7647wzb625g3gfxrj97w8-sqlite-3.48.0-dev/include -L/nix/store/ks3slx52c0jmfgg717n0jq9lp354mlnw-sqlite-3.48.0/lib -MMD -MP -fPIC -g -lpthread -lgmp -lsqlite3 -O3   -c src/hashmap.c -o build/./src/hashmap.c.o
mkdir -p build/./src/
gcc -I./include -L/nix/store/m9fycbkaairz8kampnsl7sx1aanvl0db-gmp-with-cxx-6.3.0/lib -I/nix/store/x8r21k5xskd7647wzb625g3gfxrj97w8-sqlite-3.48.0-dev/include -L/nix/store/ks3slx52c0jmfgg717n0jq9lp354mlnw-sqlite-3.48.0/lib -MMD -MP -fPIC -g -lpthread -lgmp -lsqlite3 -O3   -c src/turing_tests.c -o build/./src/turing_tests.c.o
mkdir -p build/./src/
gcc -I./include -L/nix/store/m9fycbkaairz8kampnsl7sx1aanvl0db-gmp-with-cxx-6.3.0/lib -I/nix/store/x8r21k5xskd7647wzb625g3gfxrj97w8-sqlite-3.48.0-dev/include -L/nix/store/ks3slx52c0jmfgg717n0jq9lp354mlnw-sqlite-3.48.0/lib -MMD -MP -fPIC -g -lpthread -lgmp -lsqlite3 -O3   -c src/turing_mapping.c -o build/./src/turing_mapping.c.o
g++ ./build/./src/sqlenv.c.o ./build/./src/main.c.o ./build/./src/turing_threading.c.o ./build/./src/turing_enumerate.c.o ./build/./src/turing_sim.c.o ./build/./src/hashmap.c.o ./build/./src/turing_tests.c.o ./build/./src/turing_mapping.c.o -o build/turing -L/nix/store/m9fycbkaairz8kampnsl7sx1aanvl0db-gmp-with-cxx-6.3.0/lib -L/nix/store/ks3slx52c0jmfgg717n0jq9lp354mlnw-sqlite-3.48.0/lib -O3 -lgmp -lsqlite3 
g++ ./build/./src/sqlenv.c.o ./build/./src/main.c.o ./build/./src/turing_threading.c.o ./build/./src/turing_enumerate.c.o ./build/./src/turing_sim.c.o ./build/./src/hashmap.c.o ./build/./src/turing_tests.c.o ./build/./src/turing_mapping.c.o -fPIC -rdynamic -shared -Lstatic -o build/turing.so -L/nix/store/m9fycbkaairz8kampnsl7sx1aanvl0db-gmp-with-cxx-6.3.0/lib -L/nix/store/ks3slx52c0jmfgg717n0jq9lp354mlnw-sqlite-3.48.0/lib -O3 -lgmp -lsqlite3 
./build/turing
STR_ID = 010101101
COUNT = 13

STR_ID = 1001
COUNT = 11

STR_ID = 123
COUNT = 60


hello turing

main pthread_self() 1590138688
sizeof(tm_slice_counter_t) 32
sizeof(tape_slice_t) 16

Running all tests.
    Turing Sim Tests
        FAILED 'bb5 load&run'
        PASS 'bb4 load&run'
        PASS 'bb4 tape slice compare'
        FAILED 'random tape test'
        PASS 'counting 3 state machines bruteforce'
        PASS 'number of 3 state machines'
    Turing Mapping Tests
11 9 5 12 3 17 19 6 
(1 1 2)(1 0 2)_(1 0 1)(0 0 3)_(1 1 0)(1 0 4)_(1 1 4)(0 1 1)
        FAILED 'bb4 table->digits'
        FAILED 'bb4 digits->index'
        PASS 'bb4 index->digits'
        FAILED 'bb4 digits->table'
        PASS '2 states: table incrementing == index incrementing'
        PASS '1 states: table incrementing == index incrementing'
    Turing Enumeration Tests
Testing complete.

running enumeration
    states 2
    max_steps 300
    randomIters 100
    randomStartSeed 1
    startIndex 0
    indexesConsidered 20737
    workthreads 4

added slack 1 to 5184
thread job 3:
    states 2
    max_steps thread job 2:
    states 2
300    max_steps 
    randomIters 100
    randomStartSeed 1
    startIndex 5184
    indexesConsidered 5184

300
    randomIters 100
    randomStartSeed 1
    startIndex 15552
    indexesConsidered 5185

thread job 1:
    states 2
    max_steps 300
    randomIters 100
    randomStartSeed 1
    startIndex 0
    indexesConsidered 5184

thread job 4:
    states 2
    max_steps 300
    randomIters 100
    randomStartSeed 1
    startIndex 10368
    indexesConsidered 5184

thread id 1, exiting thread...
thread id 3, exiting thread...
thread id 4, exiting thread...
thread id 2, exiting thread...
merge and destroy
total counted strings: 1493948
000000000000000000000000000001
lengthstr 30, count 6, freq 0.000004

00010001010
lengthstr 11, count 2, freq 0.000001

11010111010
lengthstr 11, count 2, freq 0.000001

1101101
lengthstr 7, count 52, freq 0.000035

0001000000001010
lengthstr 16, count 2, freq 0.000001

00001001000101
lengthstr 14, count 2, freq 0.000001

110100001010000010100010
lengthstr 24, count 2, freq 0.000001

00101010
lengthstr 8, count 172, freq 0.000115

1101111111010
lengthstr 13, count 2, freq 0.000001

001111100111110001
lengthstr 18, count 2, freq 0.000001

0010101011111
lengthstr 13, count 6, freq 0.000004

1011110010
lengthstr 10, count 2, freq 0.000001

111100110
lengthstr 9, count 4, freq 0.000003

11011100
lengthstr 8, count 10, freq 0.000007

010101010000
lengthstr 12, count 2, freq 0.000001

001101101
lengthstr 9, count 2, freq 0.000001

0110110
lengthstr 7, count 10, freq 0.000007

111100011110000111100111
lengthstr 24, count 2, freq 0.000001

110000110
lengthstr 9, count 2, freq 0.000001

01011011101
lengthstr 11, count 2, freq 0.000001

0100010101000000
lengthstr 16, count 2, freq 0.000001

010111110
lengthstr 9, count 12, freq 0.000008

10001001111
lengthstr 11, count 2, freq 0.000001

1101111101110101111011
lengthstr 22, count 2, freq 0.000001

000011001
lengthstr 9, count 4, freq 0.000003

00000000000000000000000000
lengthstr 26, count 10, freq 0.000007

1110110
lengthstr 7, count 48, freq 0.000032

0100010000100010100011
lengthstr 22, count 2, freq 0.000001

0100010100011
lengthstr 13, count 2, freq 0.000001

11101011010
lengthstr 11, count 6, freq 0.000004

101001001010001
lengthstr 15, count 2, freq 0.000001

10111101111101
lengthstr 14, count 2, freq 0.000001

01011010111101
lengthstr 14, count 2, freq 0.000001

0010010000
lengthstr 10, count 6, freq 0.000004

0101010101
lengthstr 10, count 48, freq 0.000032

0100010011
lengthstr 10, count 4, freq 0.000003

1100010000000
lengthstr 13, count 2, freq 0.000001

000000110
lengthstr 9, count 2, freq 0.000001

00000010
lengthstr 8, count 96, freq 0.000064

111111100
lengthstr 9, count 30, freq 0.000020

11111111111111111111111100
lengthstr 26, count 2, freq 0.000001

1111
lengthstr 4, count 24036, freq 0.016089

11000011110
lengthstr 11, count 2, freq 0.000001

10000000101
lengthstr 11, count 2, freq 0.000001

1101011011111
lengthstr 13, count 2, freq 0.000001

0100011
lengthstr 7, count 40, freq 0.000027

11001111010
lengthstr 11, count 2, freq 0.000001

11000011
lengthstr 8, count 16, freq 0.000011

000111100101
lengthstr 12, count 2, freq 0.000001

10100000010
lengthstr 11, count 2, freq 0.000001

1010000100010
lengthstr 13, count 2, freq 0.000001

1000000000001
lengthstr 13, count 2, freq 0.000001

01001010000101
lengthstr 14, count 2, freq 0.000001

1010111111101
lengthstr 13, count 6, freq 0.000004

10110101010
lengthstr 11, count 2, freq 0.000001

10111010101101
lengthstr 14, count 4, freq 0.000003

0011101011011
lengthstr 13, count 2, freq 0.000001

001100011
lengthstr 9, count 2, freq 0.000001

101101111110110111101111011
lengthstr 27, count 2, freq 0.000001

010000001000000100
lengthstr 18, count 2, freq 0.000001

11011110101100
lengthstr 14, count 2, freq 0.000001

000010
lengthstr 6, count 216, freq 0.000145

00100110000001
lengthstr 14, count 2, freq 0.000001

11111111111111111111111111110
lengthstr 29, count 2, freq 0.000001

1110010
lengthstr 7, count 16, freq 0.000011

100011110
lengthstr 9, count 4, freq 0.000003

110000110110000111101
lengthstr 21, count 2, freq 0.000001

0000100000000101
lengthstr 16, count 2, freq 0.000001

1000000001
lengthstr 10, count 40, freq 0.000027

0101111111101
lengthstr 13, count 2, freq 0.000001

0011111111111111111111111
lengthstr 25, count 2, freq 0.000001

01101111010111
lengthstr 14, count 2, freq 0.000001

10100000000
lengthstr 11, count 8, freq 0.000005

1000001
lengthstr 7, count 194, freq 0.000130

11000001010
lengthstr 11, count 6, freq 0.000004

10100001000000
lengthstr 14, count 2, freq 0.000001

1000010000000
lengthstr 13, count 2, freq 0.000001

10010011100
lengthstr 11, count 2, freq 0.000001

10111101110
lengthstr 11, count 4, freq 0.000003

1101010101010
lengthstr 13, count 20, freq 0.000013

010010000100001000
lengthstr 18, count 2, freq 0.000001

0001001111100100111001110000
lengthstr 28, count 2, freq 0.000001

111010101011111
lengthstr 15, count 2, freq 0.000001

010101110100
lengthstr 12, count 2, freq 0.000001

0110111111011
lengthstr 13, count 2, freq 0.000001

110110111011
lengthstr 12, count 4, freq 0.000003

110000011110
lengthstr 12, count 2, freq 0.000001

110111110110
lengthstr 12, count 2, freq 0.000001

010101101
lengthstr 9, count 4, freq 0.000003

110111011101011111
lengthstr 18, count 2, freq 0.000001

1011101011110
lengthstr 13, count 2, freq 0.000001

111011100
lengthstr 9, count 4, freq 0.000003

1010001000
lengthstr 10, count 8, freq 0.000005

100010010101010101
lengthstr 18, count 2, freq 0.000001

0101010101010
lengthstr 13, count 30, freq 0.000020

110110110
lengthstr 9, count 6, freq 0.000004

01000100010101011
lengthstr 17, count 2, freq 0.000001

000101001010
lengthstr 12, count 4, freq 0.000003

00101010010
lengthstr 11, count 2, freq 0.000001

010110001100011001
lengthstr 18, count 2, freq 0.000001

110001010010
lengthstr 12, count 2, freq 0.000001

01010
lengthstr 5, count 594, freq 0.000398

00100000001
lengthstr 11, count 2, freq 0.000001

01110101101110100
lengthstr 17, count 2, freq 0.000001

111010110100
lengthstr 12, count 4, freq 0.000003

010000010010
lengthstr 12, count 4, freq 0.000003

010001
lengthstr 6, count 80, freq 0.000054

00111111111
lengthstr 11, count 18, freq 0.000012

0111000011001111000111
lengthstr 22, count 2, freq 0.000001

01111010111011010
lengthstr 17, count 2, freq 0.000001

1111000
lengthstr 7, count 32, freq 0.000021

0011011101101011
lengthstr 16, count 2, freq 0.000001

11111010101010
lengthstr 14, count 2, freq 0.000001

11000000000000000000000
lengthstr 23, count 2, freq 0.000001

101011101
lengthstr 9, count 12, freq 0.000008

001010101000010
lengthstr 15, count 2, freq 0.000001

001111001
lengthstr 9, count 2, freq 0.000001

001010010
lengthstr 9, count 10, freq 0.000007

011011010111011
lengthstr 15, count 2, freq 0.000001

01010100
lengthstr 8, count 30, freq 0.000020

11011110100
lengthstr 11, count 2, freq 0.000001

1110111101011
lengthstr 13, count 2, freq 0.000001

110101111
lengthstr 9, count 2, freq 0.000001

10001001
lengthstr 8, count 8, freq 0.000005

111010101101111011
lengthstr 18, count 2, freq 0.000001

1101101010
lengthstr 10, count 4, freq 0.000003

0000100000000100
lengthstr 16, count 2, freq 0.000001

1110111110101
lengthstr 13, count 6, freq 0.000004

0110111
lengthstr 7, count 12, freq 0.000008

11101110101011
lengthstr 14, count 2, freq 0.000001

1111011111
lengthstr 10, count 2, freq 0.000001

1011101011111
lengthstr 13, count 2, freq 0.000001

111000011010
lengthstr 12, count 2, freq 0.000001

0011001111110
lengthstr 13, count 2, freq 0.000001

110011110
lengthstr 9, count 2, freq 0.000001

01111111111110
lengthstr 14, count 4, freq 0.000003

01010110111
lengthstr 11, count 4, freq 0.000003

11011101010
lengthstr 11, count 4, freq 0.000003

1000100100000
lengthstr 13, count 2, freq 0.000001

0011110111010
lengthstr 13, count 2, freq 0.000001

01100000001
lengthstr 11, count 2, freq 0.000001

10111110
lengthstr 8, count 34, freq 0.000023

0001000001011
lengthstr 13, count 6, freq 0.000004

11000011100
lengthstr 11, count 2, freq 0.000001

010010011
lengthstr 9, count 4, freq 0.000003

0010000100010
lengthstr 13, count 2, freq 0.000001

01101111010
lengthstr 11, count 2, freq 0.000001

11010100001000
lengthstr 14, count 4, freq 0.000003

11100111100111110010011100
lengthstr 26, count 2, freq 0.000001

000011100110
lengthstr 12, count 2, freq 0.000001

1110110111100
lengthstr 13, count 4, freq 0.000003

0111010100
lengthstr 10, count 2, freq 0.000001

0110110001101111011
lengthstr 19, count 2, freq 0.000001

1101010101
lengthstr 10, count 42, freq 0.000028

00110010
lengthstr 8, count 8, freq 0.000005

0101111000
lengthstr 10, count 2, freq 0.000001

1110111110110
lengthstr 13, count 2, freq 0.000001

1101010101010101
lengthstr 16, count 6, freq 0.000004

100000100100000101001
lengthstr 21, count 2, freq 0.000001

001000000100011
lengthstr 15, count 2, freq 0.000001

0100011011
lengthstr 10, count 4, freq 0.000003

0100101011
lengthstr 10, count 6, freq 0.000004

10010000101
lengthstr 11, count 2, freq 0.000001

0010010001001010010
lengthstr 19, count 2, freq 0.000001

110111111011100
lengthstr 15, count 2, freq 0.000001

0101110111101110101111
lengthstr 22, count 2, freq 0.000001

1110111110100
lengthstr 13, count 6, freq 0.000004

10111110111
lengthstr 11, count 2, freq 0.000001

0000010000000
lengthstr 13, count 2, freq 0.000001

00111010111110
lengthstr 14, count 2, freq 0.000001

101010000
lengthstr 9, count 8, freq 0.000005

00110001111
lengthstr 11, count 2, freq 0.000001

000010010
lengthstr 9, count 6, freq 0.000004

01111111101
lengthstr 11, count 2, freq 0.000001

10010001010100
lengthstr 14, count 2, freq 0.000001

010110110
lengthstr 9, count 6, freq 0.000004

000000000000000010
lengthstr 18, count 4, freq 0.000003

1101001001
lengthstr 10, count 2, freq 0.000001

011111111111111111
lengthstr 18, count 20, freq 0.000013

00111100001
lengthstr 11, count 2, freq 0.000001

01000010101000
lengthstr 14, count 2, freq 0.000001

010100010000
lengthstr 12, count 4, freq 0.000003

011111
lengthstr 6, count 2034, freq 0.001361

011111010
lengthstr 9, count 6, freq 0.000004

001010101010101010
lengthstr 18, count 2, freq 0.000001

1110111111011
lengthstr 13, count 2, freq 0.000001

010110111010
lengthstr 12, count 2, freq 0.000001

10111010111010100
lengthstr 17, count 2, freq 0.000001

010100100010
lengthstr 12, count 2, freq 0.000001

01010111010111
lengthstr 14, count 2, freq 0.000001

1111111101
lengthstr 10, count 20, freq 0.000013

1010010001001010010
lengthstr 19, count 2, freq 0.000001

11001
lengthstr 5, count 190, freq 0.000127

00011011011
lengthstr 11, count 2, freq 0.000001

01101100011
lengthstr 11, count 2, freq 0.000001

0000000000010
lengthstr 13, count 4, freq 0.000003

11000000
lengthstr 8, count 196, freq 0.000131

001001010000000010
lengthstr 18, count 2, freq 0.000001

00111000000
lengthstr 11, count 2, freq 0.000001

1000101000
lengthstr 10, count 2, freq 0.000001

10000000001
lengthstr 11, count 2, freq 0.000001

011111001111
lengthstr 12, count 2, freq 0.000001

0101000000010
lengthstr 13, count 6, freq 0.000004

010100100
lengthstr 9, count 10, freq 0.000007

10111010110111010
lengthstr 17, count 2, freq 0.000001

000011010
lengthstr 9, count 2, freq 0.000001

10100100001010
lengthstr 14, count 2, freq 0.000001

1111111100
lengthstr 10, count 20, freq 0.000013

11011010111101
lengthstr 14, count 2, freq 0.000001

1111001111111
lengthstr 13, count 2, freq 0.000001

1010011111000
lengthstr 13, count 2, freq 0.000001

0101100000
lengthstr 10, count 2, freq 0.000001

00111001100100001111110
lengthstr 23, count 2, freq 0.000001

0111001111110
lengthstr 13, count 2, freq 0.000001

001000000001111
lengthstr 15, count 2, freq 0.000001

00111100011011
lengthstr 14, count 2, freq 0.000001

00110111101011
lengthstr 14, count 4, freq 0.000003

111110
lengthstr 6, count 784, freq 0.000525

000100000010000
lengthstr 15, count 2, freq 0.000001

10101101011
lengthstr 11, count 2, freq 0.000001

1110101100
lengthstr 10, count 4, freq 0.000003

00010000
lengthstr 8, count 32, freq 0.000021

11000000000101
lengthstr 14, count 2, freq 0.000001

100010001010001001010001
lengthstr 24, count 2, freq 0.000001

111111001110
lengthstr 12, count 2, freq 0.000001

01011111
lengthstr 8, count 24, freq 0.000016

0100101000
lengthstr 10, count 2, freq 0.000001

00000001001
lengthstr 11, count 2, freq 0.000001

0000000000000000000000000000010
lengthstr 31, count 2, freq 0.000001

01000000000000000000000
lengthstr 23, count 2, freq 0.000001

010010000000001
lengthstr 15, count 2, freq 0.000001

0001000000001011
lengthstr 16, count 2, freq 0.000001

00010100001
lengthstr 11, count 2, freq 0.000001

00010001010100
lengthstr 14, count 2, freq 0.000001

00011110001111
lengthstr 14, count 2, freq 0.000001

100100101
lengthstr 9, count 4, freq 0.000003

111011101111
lengthstr 12, count 4, freq 0.000003

10100000001
lengthstr 11, count 4, freq 0.000003

11101011100
lengthstr 11, count 2, freq 0.000001

11100001110000
lengthstr 14, count 2, freq 0.000001

0111110
lengthstr 7, count 190, freq 0.000127

10001100100100
lengthstr 14, count 2, freq 0.000001

0001010010101
lengthstr 13, count 2, freq 0.000001

1010001000010001010000
lengthstr 22, count 2, freq 0.000001

001000100
lengthstr 9, count 8, freq 0.000005

110101010
lengthstr 9, count 52, freq 0.000035

110101000101
lengthstr 12, count 4, freq 0.000003

0111111111
lengthstr 10, count 184, freq 0.000123

110101
lengthstr 6, count 342, freq 0.000229

111110111011
lengthstr 12, count 2, freq 0.000001

0010101010000
lengthstr 13, count 2, freq 0.000001

10111010
lengthstr 8, count 24, freq 0.000016

11000001
lengthstr 8, count 50, freq 0.000033

1101010110
lengthstr 10, count 2, freq 0.000001

100100000000011
lengthstr 15, count 2, freq 0.000001

00000000000000000000001
lengthstr 23, count 2, freq 0.000001

110110101111111100
lengthstr 18, count 2, freq 0.000001

1010010100010010101001
lengthstr 22, count 2, freq 0.000001

1000101010101
lengthstr 13, count 2, freq 0.000001

111100110001
lengthstr 12, count 2, freq 0.000001

100110111111111111
lengthstr 18, count 2, freq 0.000001

111011001111
lengthstr 12, count 2, freq 0.000001

111111101011
lengthstr 12, count 2, freq 0.000001

01000000000
lengthstr 11, count 20, freq 0.000013

100000010100
lengthstr 12, count 4, freq 0.000003

00011001111
lengthstr 11, count 2, freq 0.000001

0011011111
lengthstr 10, count 2, freq 0.000001

11101101101111110011
lengthstr 20, count 2, freq 0.000001

10100001010001001
lengthstr 17, count 2, freq 0.000001

11011110101110110
lengthstr 17, count 2, freq 0.000001

010111111110000
lengthstr 15, count 2, freq 0.000001

10001000001001
lengthstr 14, count 2, freq 0.000001

1111111111111111111111110
lengthstr 25, count 8, freq 0.000005

0111011111
lengthstr 10, count 2, freq 0.000001

0000000010
lengthstr 10, count 18, freq 0.000012

101100
lengthstr 6, count 38, freq 0.000025

10001010100
lengthstr 11, count 2, freq 0.000001

00000001
lengthstr 8, count 404, freq 0.000270

0010000000100
lengthstr 13, count 2, freq 0.000001

0001000001001
lengthstr 13, count 2, freq 0.000001

01011111011101011101011110101011
lengthstr 32, count 2, freq 0.000001

001101110
lengthstr 9, count 4, freq 0.000003

101111001001111000010
lengthstr 21, count 2, freq 0.000001

111111111111100
lengthstr 15, count 6, freq 0.000004

100100010101
lengthstr 12, count 2, freq 0.000001

010100010
lengthstr 9, count 12, freq 0.000008

01000100010101010
lengthstr 17, count 2, freq 0.000001

0100010001001010001000
lengthstr 22, count 2, freq 0.000001

1110011111110001
lengthstr 16, count 2, freq 0.000001

10000010001010001010000101010100
lengthstr 32, count 2, freq 0.000001

01011011011010101111
lengthstr 20, count 2, freq 0.000001

1110101111
lengthstr 10, count 2, freq 0.000001

00111100010
lengthstr 11, count 2, freq 0.000001

0010100010101
lengthstr 13, count 2, freq 0.000001

1101111011011010111011
lengthstr 22, count 2, freq 0.000001

0010000101011
lengthstr 13, count 2, freq 0.000001

01000001000
lengthstr 11, count 2, freq 0.000001

10000000000000
lengthstr 14, count 84, freq 0.000056

10101001000
lengthstr 11, count 2, freq 0.000001

101110101
lengthstr 9, count 8, freq 0.000005

00010100001010
lengthstr 14, count 4, freq 0.000003

110111101011
lengthstr 12, count 2, freq 0.000001

0010111
lengthstr 7, count 20, freq 0.000013

110100100
lengthstr 9, count 6, freq 0.000004

011011010101101101011010111
lengthstr 27, count 2, freq 0.000001

0000000100000100000010010000101
lengthstr 31, count 2, freq 0.000001

111110110
lengthstr 9, count 4, freq 0.000003

101001
lengthstr 6, count 50, freq 0.000033

11111111111111111111101
lengthstr 23, count 2, freq 0.000001

0001001001
lengthstr 10, count 2, freq 0.000001

001001010100100101001010010
lengthstr 27, count 2, freq 0.000001

1000111111000
lengthstr 13, count 2, freq 0.000001

110101110
lengthstr 9, count 2, freq 0.000001

00110
lengthstr 5, count 160, freq 0.000107

101
lengthstr 3, count 10268, freq 0.006873

1010010000001000
lengthstr 16, count 2, freq 0.000001

1000000000
lengthstr 10, count 194, freq 0.000130

11000101000001
lengthstr 14, count 2, freq 0.000001

11110001111111
lengthstr 14, count 2, freq 0.000001

11111111111111111110
lengthstr 20, count 12, freq 0.000008

001001100001110010011101
lengthstr 24, count 2, freq 0.000001

1111111111111111111101
lengthstr 22, count 4, freq 0.000003

00111111111010
lengthstr 14, count 2, freq 0.000001

10
lengthstr 2, count 95748, freq 0.064091

10110011
lengthstr 8, count 4, freq 0.000003

000100001010001001
lengthstr 18, count 2, freq 0.000001

00011100101
lengthstr 11, count 4, freq 0.000003

000010100100
lengthstr 12, count 4, freq 0.000003

000000000000000000000000001
lengthstr 27, count 4, freq 0.000003

000000
lengthstr 6, count 2510, freq 0.001680

011000010001
lengthstr 12, count 2, freq 0.000001

11110111010
lengthstr 11, count 2, freq 0.000001

0111010111110111011110101111100
lengthstr 31, count 2, freq 0.000001

10010000100
lengthstr 11, count 2, freq 0.000001

1101101111
lengthstr 10, count 8, freq 0.000005

0111010111110111011110101111101
lengthstr 31, count 2, freq 0.000001

1011101011010
lengthstr 13, count 2, freq 0.000001

11111111111100
lengthstr 14, count 12, freq 0.000008

011110111011
lengthstr 12, count 2, freq 0.000001

10000100100
lengthstr 11, count 2, freq 0.000001

10111111
lengthstr 8, count 180, freq 0.000120

000100011
lengthstr 9, count 4, freq 0.000003

001010001000
lengthstr 12, count 2, freq 0.000001

0010101010
lengthstr 10, count 40, freq 0.000027

111011101010
lengthstr 12, count 2, freq 0.000001

10110101011
lengthstr 11, count 2, freq 0.000001

111011101111111101110101
lengthstr 24, count 2, freq 0.000001

001001011
lengthstr 9, count 4, freq 0.000003

1011011010
lengthstr 10, count 6, freq 0.000004

1010101010000000
lengthstr 16, count 2, freq 0.000001

010000001010010
lengthstr 15, count 2, freq 0.000001

0000000000000010
lengthstr 16, count 4, freq 0.000003

011111101111
lengthstr 12, count 2, freq 0.000001

01011010110
lengthstr 11, count 2, freq 0.000001

010010100
lengthstr 9, count 14, freq 0.000009

11001111011001110
lengthstr 17, count 2, freq 0.000001

01010101010101010
lengthstr 17, count 6, freq 0.000004

00001010100
lengthstr 11, count 2, freq 0.000001

11010000000
lengthstr 11, count 8, freq 0.000005

000000000001
lengthstr 12, count 58, freq 0.000039

00000111111
lengthstr 11, count 2, freq 0.000001

001010101010101
lengthstr 15, count 2, freq 0.000001

1000111111110
lengthstr 13, count 2, freq 0.000001

0111101111111
lengthstr 13, count 2, freq 0.000001

0100001000101
lengthstr 13, count 2, freq 0.000001

1111001100
lengthstr 10, count 2, freq 0.000001

0000000000
lengthstr 10, count 302, freq 0.000202

10111111011
lengthstr 11, count 4, freq 0.000003

1001010
lengthstr 7, count 22, freq 0.000015

010111100
lengthstr 9, count 8, freq 0.000005

1011101010101
lengthstr 13, count 2, freq 0.000001

01000000011
lengthstr 11, count 4, freq 0.000003

1010111111111
lengthstr 13, count 2, freq 0.000001

1110011000110011110010
lengthstr 22, count 2, freq 0.000001

0101101011101101010110
lengthstr 22, count 2, freq 0.000001

101111100001
lengthstr 12, count 2, freq 0.000001

111011101110101111011010
lengthstr 24, count 2, freq 0.000001

1011011101101011
lengthstr 16, count 2, freq 0.000001

00100001010001000
lengthstr 17, count 2, freq 0.000001

10100
lengthstr 5, count 334, freq 0.000224

11111111111
lengthstr 11, count 192, freq 0.000129

000100100001101
lengthstr 15, count 2, freq 0.000001

1110111110101110111010
lengthstr 22, count 2, freq 0.000001

11110101111011
lengthstr 14, count 2, freq 0.000001

01001
lengthstr 5, count 156, freq 0.000104

010110011
lengthstr 9, count 2, freq 0.000001

11100001110
lengthstr 11, count 4, freq 0.000003

1111111011101
lengthstr 13, count 2, freq 0.000001

11010100
lengthstr 8, count 18, freq 0.000012

1110111110111
lengthstr 13, count 2, freq 0.000001

00111111100
lengthstr 11, count 2, freq 0.000001

100000010000001010
lengthstr 18, count 2, freq 0.000001

10100100010
lengthstr 11, count 2, freq 0.000001

01010010100
lengthstr 11, count 2, freq 0.000001

0011101111
lengthstr 10, count 6, freq 0.000004

0111001111111
lengthstr 13, count 2, freq 0.000001

11111011111
lengthstr 11, count 4, freq 0.000003

11101111010
lengthstr 11, count 2, freq 0.000001

00100100101011
lengthstr 14, count 2, freq 0.000001

0101001000
lengthstr 10, count 2, freq 0.000001

010000001000000101
lengthstr 18, count 2, freq 0.000001

1101111
lengthstr 7, count 46, freq 0.000031

110101101011
lengthstr 12, count 2, freq 0.000001

011011
lengthstr 6, count 64, freq 0.000043

10111001100100001111111
lengthstr 23, count 2, freq 0.000001

00100100100011
lengthstr 14, count 2, freq 0.000001

11011011110
lengthstr 11, count 6, freq 0.000004

11101011110101
lengthstr 14, count 4, freq 0.000003

11111111011
lengthstr 11, count 2, freq 0.000001

00111010
lengthstr 8, count 2, freq 0.000001

110110011110001101100010
lengthstr 24, count 2, freq 0.000001

1111111111100
lengthstr 13, count 14, freq 0.000009

000010010101010100
lengthstr 18, count 2, freq 0.000001

001000010100010011
lengthstr 18, count 2, freq 0.000001

1110011111110
lengthstr 13, count 2, freq 0.000001

0001001010010100
lengthstr 16, count 2, freq 0.000001

00000000011
lengthstr 11, count 10, freq 0.000007

1110111111010
lengthstr 13, count 2, freq 0.000001

10110111
lengthstr 8, count 12, freq 0.000008

11101101101011
lengthstr 14, count 2, freq 0.000001

1011110011
lengthstr 10, count 2, freq 0.000001

010111101
lengthstr 9, count 6, freq 0.000004

00111111111111
lengthstr 14, count 10, freq 0.000007

00100100000
lengthstr 11, count 6, freq 0.000004

00101011111
lengthstr 11, count 2, freq 0.000001

0001001010010101
lengthstr 16, count 2, freq 0.000001

1000100001000101000101
lengthstr 22, count 2, freq 0.000001

1011110110
lengthstr 10, count 4, freq 0.000003

11101110101
lengthstr 11, count 2, freq 0.000001

101110111010111011010111
lengthstr 24, count 4, freq 0.000003

0110111011010111101111110
lengthstr 25, count 2, freq 0.000001

1010000000
lengthstr 10, count 10, freq 0.000007

00100111
lengthstr 8, count 10, freq 0.000007

1110110000011011000110001111
lengthstr 28, count 2, freq 0.000001

11110110
lengthstr 8, count 8, freq 0.000005

11100000010011100
lengthstr 17, count 2, freq 0.000001

010111101111
lengthstr 12, count 2, freq 0.000001

101111110100
lengthstr 12, count 2, freq 0.000001

0101111111110
lengthstr 13, count 2, freq 0.000001

00100100100101010001
lengthstr 20, count 2, freq 0.000001

0111011111010
lengthstr 13, count 2, freq 0.000001

111001101
lengthstr 9, count 4, freq 0.000003

1111111111111111111111111111110
lengthstr 31, count 6, freq 0.000004

1101110101011
lengthstr 13, count 2, freq 0.000001

01111101
lengthstr 8, count 30, freq 0.000020

1101101101010101
lengthstr 16, count 2, freq 0.000001

1001001
lengthstr 7, count 10, freq 0.000007

11101010110111101
lengthstr 17, count 2, freq 0.000001

00110001111010
lengthstr 14, count 2, freq 0.000001

111111111111111111111
lengthstr 21, count 16, freq 0.000011

11001111
lengthstr 8, count 12, freq 0.000008

0001111000110000000000010
lengthstr 25, count 2, freq 0.000001

0011111111
lengthstr 10, count 38, freq 0.000025

110111101011101100
lengthstr 18, count 2, freq 0.000001

00000100010010100000001
lengthstr 23, count 2, freq 0.000001

010101101011
lengthstr 12, count 2, freq 0.000001

101111
lengthstr 6, count 356, freq 0.000238

001000010001
lengthstr 12, count 2, freq 0.000001

1001010101
lengthstr 10, count 6, freq 0.000004

111111111111111111111111
lengthstr 24, count 36, freq 0.000024

10001010101
lengthstr 11, count 2, freq 0.000001

000110
lengthstr 6, count 56, freq 0.000037

100010000001
lengthstr 12, count 2, freq 0.000001

1110111011010111
lengthstr 16, count 2, freq 0.000001

01101110101011
lengthstr 14, count 2, freq 0.000001

11110010
lengthstr 8, count 2, freq 0.000001

10000100010010100000000
lengthstr 23, count 2, freq 0.000001

000111110000
lengthstr 12, count 2, freq 0.000001

0001100001111
lengthstr 13, count 2, freq 0.000001

1111010111101111111111111
lengthstr 25, count 2, freq 0.000001

01110101
lengthstr 8, count 12, freq 0.000008

1001000100101000
lengthstr 16, count 2, freq 0.000001

01011111111
lengthstr 11, count 6, freq 0.000004

10110101111011
lengthstr 14, count 2, freq 0.000001

00100111000011
lengthstr 14, count 2, freq 0.000001

01000100
lengthstr 8, count 26, freq 0.000017

00010000101
lengthstr 11, count 2, freq 0.000001

100010011
lengthstr 9, count 8, freq 0.000005

00101
lengthstr 5, count 488, freq 0.000327

00101010000
lengthstr 11, count 2, freq 0.000001

1111000011001111000110
lengthstr 22, count 2, freq 0.000001

1110110101111010100
lengthstr 19, count 2, freq 0.000001

100000100100000101000
lengthstr 21, count 2, freq 0.000001

10101010
lengthstr 8, count 186, freq 0.000125

111111111111111111111111101
lengthstr 27, count 2, freq 0.000001

0101000001
lengthstr 10, count 2, freq 0.000001

001000001001
lengthstr 12, count 2, freq 0.000001

0001111110
lengthstr 10, count 8, freq 0.000005

11001010000101
lengthstr 14, count 2, freq 0.000001

100111101111
lengthstr 12, count 2, freq 0.000001

101111100
lengthstr 9, count 10, freq 0.000007

010010010010101000101
lengthstr 21, count 2, freq 0.000001

10111111111111111111111
lengthstr 23, count 2, freq 0.000001

110101011
lengthstr 9, count 2, freq 0.000001

01010100001000
lengthstr 14, count 4, freq 0.000003

101001001
lengthstr 9, count 6, freq 0.000004

0010010010010
lengthstr 13, count 2, freq 0.000001

11100011000011
lengthstr 14, count 2, freq 0.000001

0111011011
lengthstr 10, count 4, freq 0.000003

11101101100
lengthstr 11, count 2, freq 0.000001

11100011110011010
lengthstr 17, count 2, freq 0.000001

1001100001110
lengthstr 13, count 2, freq 0.000001

110010100
lengthstr 9, count 12, freq 0.000008

000100010000100001001011
lengthstr 24, count 2, freq 0.000001

001000
lengthstr 6, count 110, freq 0.000074

11000110011
lengthstr 11, count 4, freq 0.000003

011100000
lengthstr 9, count 4, freq 0.000003

01110101011011
lengthstr 14, count 2, freq 0.000001

100010001000000001000101
lengthstr 24, count 2, freq 0.000001

010011001111001101111000
lengthstr 24, count 2, freq 0.000001

010100100101
lengthstr 12, count 2, freq 0.000001

10010011101
lengthstr 11, count 2, freq 0.000001

0110110111
lengthstr 10, count 2, freq 0.000001

100011110000111100111
lengthstr 21, count 2, freq 0.000001

100100101000000000
lengthstr 18, count 2, freq 0.000001

101011101111
lengthstr 12, count 4, freq 0.000003

0100110000001
lengthstr 13, count 2, freq 0.000001

00010010010000001101
lengthstr 20, count 2, freq 0.000001

111111011111101011
lengthstr 18, count 2, freq 0.000001

000000000000
lengthstr 12, count 132, freq 0.000088

01000110011011110000000
lengthstr 23, count 2, freq 0.000001

00100
lengthstr 5, count 262, freq 0.000175

000101000
lengthstr 9, count 16, freq 0.000011

010011111
lengthstr 9, count 4, freq 0.000003

11000
lengthstr 5, count 872, freq 0.000584

0110101
lengthstr 7, count 20, freq 0.000013

11011000000111111
lengthstr 17, count 2, freq 0.000001

000001111
lengthstr 9, count 8, freq 0.000005

1011111
lengthstr 7, count 204, freq 0.000137

011101110111111110111011
lengthstr 24, count 2, freq 0.000001

110
lengthstr 3, count 24486, freq 0.016390

01010111101111
lengthstr 14, count 2, freq 0.000001

1001000
lengthstr 7, count 12, freq 0.000008

10011111111
lengthstr 11, count 4, freq 0.000003

001101111101101010
lengthstr 18, count 2, freq 0.000001

1111111101111
lengthstr 13, count 2, freq 0.000001

10100001
lengthstr 8, count 6, freq 0.000004

1011111011
lengthstr 10, count 4, freq 0.000003

010010101001001010010100101
lengthstr 27, count 2, freq 0.000001

110100101
lengthstr 9, count 4, freq 0.000003

100000000000000000000
lengthstr 21, count 12, freq 0.000008

1100110011011
lengthstr 13, count 2, freq 0.000001

0111111
lengthstr 7, count 1000, freq 0.000669

111011111101111
lengthstr 15, count 2, freq 0.000001

1101110101010
lengthstr 13, count 2, freq 0.000001

01101100010
lengthstr 11, count 2, freq 0.000001

001001100
lengthstr 9, count 2, freq 0.000001

1101001
lengthstr 7, count 6, freq 0.000004

110111111111011
lengthstr 15, count 2, freq 0.000001

1011111000
lengthstr 10, count 2, freq 0.000001

1101100110111100
lengthstr 16, count 2, freq 0.000001

011011010
lengthstr 9, count 6, freq 0.000004

010010
lengthstr 6, count 54, freq 0.000036

01110000000
lengthstr 11, count 6, freq 0.000004

10110101101
lengthstr 11, count 8, freq 0.000005

100001111
lengthstr 9, count 8, freq 0.000005

1110111011110111101101011
lengthstr 25, count 2, freq 0.000001

00100100010100
lengthstr 14, count 2, freq 0.000001

0111011101101011101100
lengthstr 22, count 2, freq 0.000001

00011111101
lengthstr 11, count 2, freq 0.000001

000000000000100
lengthstr 15, count 2, freq 0.000001

11100111100111110010011101
lengthstr 26, count 2, freq 0.000001

0000000100010
lengthstr 13, count 2, freq 0.000001

111011110111101110
lengthstr 18, count 2, freq 0.000001

001111111111111
lengthstr 15, count 4, freq 0.000003

11101101101010
lengthstr 14, count 2, freq 0.000001

1010000010001010000100
lengthstr 22, count 2, freq 0.000001

11111111111111111111110
lengthstr 23, count 2, freq 0.000001

00101000010
lengthstr 11, count 2, freq 0.000001

001110111101
lengthstr 12, count 2, freq 0.000001

1110010000111000000
lengthstr 19, count 2, freq 0.000001

101111110101
lengthstr 12, count 4, freq 0.000003

101101101
lengthstr 9, count 6, freq 0.000004

1111101011
lengthstr 10, count 4, freq 0.000003

10111100001
lengthstr 11, count 2, freq 0.000001

0010101000000
lengthstr 13, count 2, freq 0.000001

010001000010
lengthstr 12, count 2, freq 0.000001

1101111010101
lengthstr 13, count 2, freq 0.000001

1100111
lengthstr 7, count 16, freq 0.000011

00100001
lengthstr 8, count 12, freq 0.000008

111000011011
lengthstr 12, count 2, freq 0.000001

1010011001000011
lengthstr 16, count 2, freq 0.000001

1110111011110111101101010
lengthstr 25, count 2, freq 0.000001

1011111010101
lengthstr 13, count 2, freq 0.000001

1011111111111
lengthstr 13, count 14, freq 0.000009

10000000010
lengthstr 11, count 2, freq 0.000001

01010110
lengthstr 8, count 6, freq 0.000004

00100000010
lengthstr 11, count 2, freq 0.000001

1101101101100
lengthstr 13, count 2, freq 0.000001

00101111111
lengthstr 11, count 8, freq 0.000005

010000011110
lengthstr 12, count 2, freq 0.000001

011011111
lengthstr 9, count 2, freq 0.000001

10010000001
lengthstr 11, count 2, freq 0.000001

11111011101101011111111
lengthstr 23, count 2, freq 0.000001

0110110110111
lengthstr 13, count 2, freq 0.000001

011111110001101
lengthstr 15, count 2, freq 0.000001

11010111110101
lengthstr 14, count 2, freq 0.000001

01000010000011
lengthstr 14, count 2, freq 0.000001

11101111110
lengthstr 11, count 2, freq 0.000001

10011000011011
lengthstr 14, count 2, freq 0.000001

11011111011
lengthstr 11, count 2, freq 0.000001

1101000001
lengthstr 10, count 2, freq 0.000001

10111111111111111
lengthstr 17, count 2, freq 0.000001

11010001
lengthstr 8, count 4, freq 0.000003

0111011
lengthstr 7, count 44, freq 0.000029

1111111111111111
lengthstr 16, count 44, freq 0.000029

0111101010
lengthstr 10, count 2, freq 0.000001

10101001010
lengthstr 11, count 2, freq 0.000001

0000101000010000000000000
lengthstr 25, count 2, freq 0.000001

1101011
lengthstr 7, count 40, freq 0.000027

100101000
lengthstr 9, count 14, freq 0.000009

1111111
lengthstr 7, count 1664, freq 0.001114

111111101110
lengthstr 12, count 2, freq 0.000001

001100011011011110011
lengthstr 21, count 2, freq 0.000001

11000010001
lengthstr 11, count 2, freq 0.000001

010000000000000000
lengthstr 18, count 4, freq 0.000003

000000000000000001
lengthstr 18, count 30, freq 0.000020

010000010010000010100
lengthstr 21, count 4, freq 0.000003

10010100
lengthstr 8, count 10, freq 0.000007

0101101110111
lengthstr 13, count 2, freq 0.000001

11001111011
lengthstr 11, count 2, freq 0.000001

0100100000
lengthstr 10, count 2, freq 0.000001

110110011
lengthstr 9, count 2, freq 0.000001

1010000000101
lengthstr 13, count 2, freq 0.000001

010100000
lengthstr 9, count 8, freq 0.000005

0010010000101
lengthstr 13, count 4, freq 0.000003

11100111100101
lengthstr 14, count 2, freq 0.000001

0010111111
lengthstr 10, count 2, freq 0.000001

101000000001010
lengthstr 15, count 2, freq 0.000001

10111111111111
lengthstr 14, count 10, freq 0.000007

00110110111111
lengthstr 14, count 2, freq 0.000001

001011
lengthstr 6, count 54, freq 0.000036

1110000001
lengthstr 10, count 8, freq 0.000005

100100101000000001
lengthstr 18, count 2, freq 0.000001

1111010110111
lengthstr 13, count 2, freq 0.000001

000101
lengthstr 6, count 146, freq 0.000098

0100110
lengthstr 7, count 4, freq 0.000003

11100000
lengthstr 8, count 26, freq 0.000017

1101011011110111110101
lengthstr 22, count 2, freq 0.000001

11011101110101010
lengthstr 17, count 2, freq 0.000001

000000000000000000000010
lengthstr 24, count 6, freq 0.000004

110011001100
lengthstr 12, count 4, freq 0.000003

10010
lengthstr 5, count 196, freq 0.000131

11001000000010101
lengthstr 17, count 2, freq 0.000001

0000000000000000000000001
lengthstr 25, count 10, freq 0.000007

1010011111001
lengthstr 13, count 2, freq 0.000001

0110
lengthstr 4, count 2712, freq 0.001815

11001101
lengthstr 8, count 8, freq 0.000005

010010101001001010010100100
lengthstr 27, count 2, freq 0.000001

0001100101
lengthstr 10, count 4, freq 0.000003

1111111111111111111111111111
lengthstr 28, count 10, freq 0.000007

0010000001
lengthstr 10, count 2, freq 0.000001

0010000101000100101
lengthstr 19, count 2, freq 0.000001

0000000000000000000001
lengthstr 22, count 20, freq 0.000013

00110101111010
lengthstr 14, count 2, freq 0.000001

1000100010100
lengthstr 13, count 2, freq 0.000001

00000000000011
lengthstr 14, count 12, freq 0.000008

011000011010
lengthstr 12, count 2, freq 0.000001

1111011111011
lengthstr 13, count 2, freq 0.000001

1100000
lengthstr 7, count 202, freq 0.000135

001010100001001
lengthstr 15, count 2, freq 0.000001

0111011111110
lengthstr 13, count 2, freq 0.000001

000000010001
lengthstr 12, count 2, freq 0.000001

11101101011110101011
lengthstr 20, count 2, freq 0.000001

00101000010000
lengthstr 14, count 2, freq 0.000001

0011101011
lengthstr 10, count 6, freq 0.000004

110100001000
lengthstr 12, count 4, freq 0.000003

011010111101110110
lengthstr 18, count 2, freq 0.000001

00111100000
lengthstr 11, count 2, freq 0.000001

1111111111101
lengthstr 13, count 14, freq 0.000009

01100111100101
lengthstr 14, count 2, freq 0.000001

101001001010000
lengthstr 15, count 2, freq 0.000001

00110111
lengthstr 8, count 10, freq 0.000007

0111111100000
lengthstr 13, count 4, freq 0.000003

1010010000000
lengthstr 13, count 2, freq 0.000001

111010101101111010
lengthstr 18, count 2, freq 0.000001

010
lengthstr 3, count 10300, freq 0.006894

110100000101000001000
lengthstr 21, count 2, freq 0.000001

1101101110
lengthstr 10, count 2, freq 0.000001

10101111111
lengthstr 11, count 8, freq 0.000005

0100001001
lengthstr 10, count 4, freq 0.000003

001001010101010100
lengthstr 18, count 2, freq 0.000001

0000000000000000000000011
lengthstr 25, count 4, freq 0.000003

00100000101000100010101
lengthstr 23, count 2, freq 0.000001

000000000000000000000001
lengthstr 24, count 16, freq 0.000011

01011110110
lengthstr 11, count 6, freq 0.000004

11011011011010101110
lengthstr 20, count 2, freq 0.000001

110001001
lengthstr 9, count 2, freq 0.000001

000000010000100
lengthstr 15, count 2, freq 0.000001

11010111011011
lengthstr 14, count 2, freq 0.000001

101010111011
lengthstr 12, count 4, freq 0.000003

01110000
lengthstr 8, count 8, freq 0.000005

101011101011
lengthstr 12, count 2, freq 0.000001

1010000000100
lengthstr 13, count 2, freq 0.000001

111101100110
lengthstr 12, count 2, freq 0.000001

0011000010
lengthstr 10, count 6, freq 0.000004

1110101111101110111101011111011
lengthstr 31, count 2, freq 0.000001

101001111001000000
lengthstr 18, count 2, freq 0.000001

10101000010000
lengthstr 14, count 2, freq 0.000001

0100010001001
lengthstr 13, count 2, freq 0.000001

00000011100111
lengthstr 14, count 2, freq 0.000001

101011010
lengthstr 9, count 4, freq 0.000003

01000010001001010000000
lengthstr 23, count 4, freq 0.000003

0101111101
lengthstr 10, count 2, freq 0.000001

1110011001110
lengthstr 13, count 2, freq 0.000001

00101000001
lengthstr 11, count 2, freq 0.000001

000010000100
lengthstr 12, count 2, freq 0.000001

11111111111111111111111111111110
lengthstr 32, count 8, freq 0.000005

001010101111011
lengthstr 15, count 2, freq 0.000001

01011010111
lengthstr 11, count 4, freq 0.000003

0010011001000011
lengthstr 16, count 2, freq 0.000001

11000011100100
lengthstr 14, count 2, freq 0.000001

110110101011011010110101100
lengthstr 27, count 2, freq 0.000001

1111111111111111111111111111111
lengthstr 31, count 6, freq 0.000004

0111011010
lengthstr 10, count 2, freq 0.000001

0100101010
lengthstr 10, count 10, freq 0.000007

00110111111
lengthstr 11, count 4, freq 0.000003

1000000000000000000000000
lengthstr 25, count 4, freq 0.000003

0011001100101
lengthstr 13, count 2, freq 0.000001

1110011010
lengthstr 10, count 4, freq 0.000003

0100000010001
lengthstr 13, count 2, freq 0.000001

1100111101100
lengthstr 13, count 2, freq 0.000001

010000100
lengthstr 9, count 4, freq 0.000003

00000000000000000000000000010
lengthstr 29, count 2, freq 0.000001

11010010100
lengthstr 11, count 2, freq 0.000001

011111111111111
lengthstr 15, count 26, freq 0.000017

11101111111010101
lengthstr 17, count 2, freq 0.000001

01111010101100
lengthstr 14, count 2, freq 0.000001

10011001100000000
lengthstr 17, count 2, freq 0.000001

110000001
lengthstr 9, count 4, freq 0.000003

0010010000001001000010000100
lengthstr 28, count 2, freq 0.000001

00110111010110
lengthstr 14, count 2, freq 0.000001

0010000101000100100
lengthstr 19, count 2, freq 0.000001

1000000011110
lengthstr 13, count 2, freq 0.000001

001001010010
lengthstr 12, count 2, freq 0.000001

11110110111011
lengthstr 14, count 2, freq 0.000001

001011110111
lengthstr 12, count 4, freq 0.000003

0000111111000
lengthstr 13, count 2, freq 0.000001

110101010000100
lengthstr 15, count 2, freq 0.000001

0010101
lengthstr 7, count 140, freq 0.000094

010101110
lengthstr 9, count 2, freq 0.000001

01100100
lengthstr 8, count 4, freq 0.000003

11100110001
lengthstr 11, count 2, freq 0.000001

11110101011011111
lengthstr 17, count 2, freq 0.000001

1000000001010
lengthstr 13, count 2, freq 0.000001

1110110111101
lengthstr 13, count 4, freq 0.000003

1101111111110
lengthstr 13, count 2, freq 0.000001

11101010
lengthstr 8, count 30, freq 0.000020

101010111
lengthstr 9, count 4, freq 0.000003

110110111111011011110111101010
lengthstr 30, count 2, freq 0.000001

00100000100
lengthstr 11, count 2, freq 0.000001

1101111111101
lengthstr 13, count 2, freq 0.000001

001000100010100010010100
lengthstr 24, count 2, freq 0.000001

11110011111
lengthstr 11, count 4, freq 0.000003

0110000
lengthstr 7, count 12, freq 0.000008

110111011110
lengthstr 12, count 2, freq 0.000001

001100100
lengthstr 9, count 6, freq 0.000004

101101100
lengthstr 9, count 4, freq 0.000003

0101000100101
lengthstr 13, count 2, freq 0.000001

10100101001
lengthstr 11, count 4, freq 0.000003

10100000100010100010100001010100
lengthstr 32, count 2, freq 0.000001

000001
lengthstr 6, count 792, freq 0.000530

0001000000101
lengthstr 13, count 2, freq 0.000001

11010000101010
lengthstr 14, count 2, freq 0.000001

11001000101010
lengthstr 14, count 2, freq 0.000001

110011000001
lengthstr 12, count 2, freq 0.000001

1000000011
lengthstr 10, count 4, freq 0.000003

0111011000
lengthstr 10, count 2, freq 0.000001

1100110000
lengthstr 10, count 2, freq 0.000001

111011011110010
lengthstr 15, count 2, freq 0.000001

101000100000
lengthstr 12, count 2, freq 0.000001

101010111010
lengthstr 12, count 6, freq 0.000004

00100000101000100010100
lengthstr 23, count 2, freq 0.000001

110111111011101
lengthstr 15, count 2, freq 0.000001

0011000010011
lengthstr 13, count 2, freq 0.000001

101111111111111111111111
lengthstr 24, count 4, freq 0.000003

110100010001
lengthstr 12, count 2, freq 0.000001

1010110
lengthstr 7, count 8, freq 0.000005

0011000011110011001111
lengthstr 22, count 2, freq 0.000001

1110111111
lengthstr 10, count 24, freq 0.000016

000000110001111
lengthstr 15, count 2, freq 0.000001

01000010101001
lengthstr 14, count 2, freq 0.000001

111000001110
lengthstr 12, count 2, freq 0.000001

10011011
lengthstr 8, count 4, freq 0.000003

111111111111111111111110
lengthstr 24, count 18, freq 0.000012

10000101010011
lengthstr 14, count 2, freq 0.000001

11101111101111110110111100
lengthstr 26, count 4, freq 0.000003

101000010000
lengthstr 12, count 2, freq 0.000001

001001111001000000
lengthstr 18, count 2, freq 0.000001

00011111101100010
lengthstr 17, count 2, freq 0.000001

001111001001111000010
lengthstr 21, count 2, freq 0.000001

1110111101010
lengthstr 13, count 2, freq 0.000001

101000101
lengthstr 9, count 4, freq 0.000003

11101011110110
lengthstr 14, count 2, freq 0.000001

11111111111101
lengthstr 14, count 12, freq 0.000008

0010
lengthstr 4, count 3870, freq 0.002590

101000011
lengthstr 9, count 8, freq 0.000005

1111101111111
lengthstr 13, count 2, freq 0.000001

110000011000001110
lengthstr 18, count 2, freq 0.000001

100000010100100
lengthstr 15, count 2, freq 0.000001

100110111111111110
lengthstr 18, count 2, freq 0.000001

1101011010111011010101
lengthstr 22, count 2, freq 0.000001

1101010111110
lengthstr 13, count 2, freq 0.000001

01111011011
lengthstr 11, count 2, freq 0.000001

001000100001
lengthstr 12, count 2, freq 0.000001

10001010010001011
lengthstr 17, count 2, freq 0.000001

1100100010010100001000000
lengthstr 25, count 2, freq 0.000001

1101111110111
lengthstr 13, count 2, freq 0.000001

11101101101110
lengthstr 14, count 2, freq 0.000001

1101111101011101110101
lengthstr 22, count 2, freq 0.000001

1111100
lengthstr 7, count 108, freq 0.000072

001011110
lengthstr 9, count 2, freq 0.000001

0111010110
lengthstr 10, count 2, freq 0.000001

11110111110111111011011110
lengthstr 26, count 2, freq 0.000001

01011110001111
lengthstr 14, count 2, freq 0.000001

101010100
lengthstr 9, count 12, freq 0.000008

1011101110110
lengthstr 13, count 2, freq 0.000001

011101101010101010
lengthstr 18, count 2, freq 0.000001

0100110011
lengthstr 10, count 2, freq 0.000001

01000010000010
lengthstr 14, count 2, freq 0.000001

1111101
lengthstr 7, count 112, freq 0.000075

0101001001
lengthstr 10, count 2, freq 0.000001

11011101101101
lengthstr 14, count 2, freq 0.000001

110111
lengthstr 6, count 104, freq 0.000070

110000111
lengthstr 9, count 4, freq 0.000003

01000010101010
lengthstr 14, count 2, freq 0.000001

1110110110
lengthstr 10, count 2, freq 0.000001

110011100100100001101
lengthstr 21, count 2, freq 0.000001

11110111110110
lengthstr 14, count 2, freq 0.000001

0010010001
lengthstr 10, count 2, freq 0.000001

110001000101000100101000
lengthstr 24, count 4, freq 0.000003

0001101100011
lengthstr 13, count 2, freq 0.000001

110101010101
lengthstr 12, count 18, freq 0.000012

100100101010010010100101000
lengthstr 27, count 2, freq 0.000001

001000010010010100011
lengthstr 21, count 2, freq 0.000001

001100110011110001101111
lengthstr 24, count 2, freq 0.000001

1101
lengthstr 4, count 3810, freq 0.002550

01111
lengthstr 5, count 3026, freq 0.002026

010000010
lengthstr 9, count 18, freq 0.000012

1101100000
lengthstr 10, count 2, freq 0.000001

101010101010101011
lengthstr 18, count 6, freq 0.000004

0111011101101
lengthstr 13, count 2, freq 0.000001

0011111001100
lengthstr 13, count 2, freq 0.000001

110100
lengthstr 6, count 54, freq 0.000036

010101000
lengthstr 9, count 4, freq 0.000003

000100010
lengthstr 9, count 6, freq 0.000004

101010101010101
lengthstr 15, count 2, freq 0.000001

1101010111
lengthstr 10, count 2, freq 0.000001

11101111101111110110111101
lengthstr 26, count 4, freq 0.000003

111111110001101
lengthstr 15, count 2, freq 0.000001

0000100100000
lengthstr 13, count 2, freq 0.000001

01111011010
lengthstr 11, count 2, freq 0.000001

1000001010
lengthstr 10, count 4, freq 0.000003

010101010000100
lengthstr 15, count 2, freq 0.000001

1010001000000
lengthstr 13, count 2, freq 0.000001

00110000100
lengthstr 11, count 2, freq 0.000001

10011000011000001101100011
lengthstr 26, count 2, freq 0.000001

000000010100100
lengthstr 15, count 2, freq 0.000001

00010100010
lengthstr 11, count 2, freq 0.000001

1100111000001
lengthstr 13, count 2, freq 0.000001

000000100001010
lengthstr 15, count 2, freq 0.000001

000011
lengthstr 6, count 228, freq 0.000153

1011010
lengthstr 7, count 16, freq 0.000011

110000011
lengthstr 9, count 4, freq 0.000003

1000100000100
lengthstr 13, count 2, freq 0.000001

0011110
lengthstr 7, count 40, freq 0.000027

101010101111011
lengthstr 15, count 2, freq 0.000001

1100101
lengthstr 7, count 20, freq 0.000013

0010100
lengthstr 7, count 34, freq 0.000023

10000011100111
lengthstr 14, count 2, freq 0.000001

110111011101011110110101
lengthstr 24, count 4, freq 0.000003

01101111111010101
lengthstr 17, count 2, freq 0.000001

0011111111111111
lengthstr 16, count 4, freq 0.000003

011011110111101110
lengthstr 18, count 2, freq 0.000001

01111011100
lengthstr 11, count 2, freq 0.000001

0001010100
lengthstr 10, count 2, freq 0.000001

0001001000
lengthstr 10, count 2, freq 0.000001

0100010001
lengthstr 10, count 2, freq 0.000001

00001000001000000100100000
lengthstr 26, count 2, freq 0.000001

100011000
lengthstr 9, count 2, freq 0.000001

00010010010000
lengthstr 14, count 2, freq 0.000001

10101
lengthstr 5, count 600, freq 0.000402

111101110111101111011011
lengthstr 24, count 2, freq 0.000001

110101000100
lengthstr 12, count 2, freq 0.000001

110011
lengthstr 6, count 36, freq 0.000024

110111100011001101
lengthstr 18, count 2, freq 0.000001

000100010000100001001010
lengthstr 24, count 2, freq 0.000001

0000000101
lengthstr 10, count 8, freq 0.000005

11010
lengthstr 5, count 482, freq 0.000323

1000000001111
lengthstr 13, count 2, freq 0.000001

011101110101110110101110
lengthstr 24, count 2, freq 0.000001

10100101000
lengthstr 11, count 2, freq 0.000001

01010101010
lengthstr 11, count 30, freq 0.000020

101111011
lengthstr 9, count 6, freq 0.000004

0110110001101111010
lengthstr 19, count 2, freq 0.000001

11011001111011
lengthstr 14, count 2, freq 0.000001

10101110110110
lengthstr 14, count 2, freq 0.000001

000100100
lengthstr 9, count 12, freq 0.000008

00010100001000
lengthstr 14, count 2, freq 0.000001

0010010010000
lengthstr 13, count 2, freq 0.000001

1000100001100100000010
lengthstr 22, count 2, freq 0.000001

100010000
lengthstr 9, count 6, freq 0.000004

011101100
lengthstr 9, count 8, freq 0.000005

100100010
lengthstr 9, count 2, freq 0.000001

0010000100
lengthstr 10, count 6, freq 0.000004

10110111101
lengthstr 11, count 6, freq 0.000004

11101111101111111
lengthstr 17, count 2, freq 0.000001

0011011010
lengthstr 10, count 2, freq 0.000001

10111111110
lengthstr 11, count 4, freq 0.000003

11100010
lengthstr 8, count 4, freq 0.000003

01100010
lengthstr 8, count 4, freq 0.000003

111000
lengthstr 6, count 98, freq 0.000066

10010100001010
lengthstr 14, count 2, freq 0.000001

00110000100110000
lengthstr 17, count 2, freq 0.000001

000110111111111111
lengthstr 18, count 2, freq 0.000001

111111111111110
lengthstr 15, count 24, freq 0.000016

11010111
lengthstr 8, count 6, freq 0.000004

11100000010
lengthstr 11, count 2, freq 0.000001

11000111111010
lengthstr 14, count 2, freq 0.000001

01100011110011011
lengthstr 17, count 2, freq 0.000001

101011110111
lengthstr 12, count 4, freq 0.000003

010110101111011101111
lengthstr 21, count 2, freq 0.000001

00001001000100010
lengthstr 17, count 2, freq 0.000001

001010100
lengthstr 9, count 8, freq 0.000005

11110000
lengthstr 8, count 20, freq 0.000013

11001001000001
lengthstr 14, count 2, freq 0.000001

1000100
lengthstr 7, count 36, freq 0.000024

0101101100
lengthstr 10, count 2, freq 0.000001

0011111
lengthstr 7, count 190, freq 0.000127

001010111010
lengthstr 12, count 4, freq 0.000003

10111110111010111010111101010100
lengthstr 32, count 2, freq 0.000001

100010001010001001010000
lengthstr 24, count 2, freq 0.000001

10010010010000001101
lengthstr 20, count 2, freq 0.000001

110011001101
lengthstr 12, count 4, freq 0.000003

1011101010100
lengthstr 13, count 2, freq 0.000001

01010111101110
lengthstr 14, count 2, freq 0.000001

0000000000000000000000000000000
lengthstr 31, count 4, freq 0.000003

11011011
lengthstr 8, count 12, freq 0.000008

0011000111111
lengthstr 13, count 2, freq 0.000001

0000101001000
lengthstr 13, count 2, freq 0.000001

1101110111
lengthstr 10, count 4, freq 0.000003

0001110
lengthstr 7, count 42, freq 0.000028

0001000100101
lengthstr 13, count 2, freq 0.000001

00010010010000001100
lengthstr 20, count 2, freq 0.000001

11111101011
lengthstr 11, count 2, freq 0.000001

000010001000010000100100
lengthstr 24, count 2, freq 0.000001

000100001010001000
lengthstr 18, count 2, freq 0.000001

001111101101111101011
lengthstr 21, count 4, freq 0.000003

110011000110
lengthstr 12, count 2, freq 0.000001

10001000
lengthstr 8, count 10, freq 0.000007

10100000100010100010100001010101
lengthstr 32, count 2, freq 0.000001

110110111010
lengthstr 12, count 2, freq 0.000001

10000000000000000
lengthstr 17, count 10, freq 0.000007

1000001011
lengthstr 10, count 4, freq 0.000003

0110111111
lengthstr 10, count 6, freq 0.000004

11001010010
lengthstr 11, count 8, freq 0.000005

10000100000101
lengthstr 14, count 2, freq 0.000001

11101011110
lengthstr 11, count 2, freq 0.000001

1000010001010
lengthstr 13, count 2, freq 0.000001

010001000100
lengthstr 12, count 2, freq 0.000001

11100100100
lengthstr 11, count 2, freq 0.000001

0001001010
lengthstr 10, count 2, freq 0.000001

11010000
lengthstr 8, count 2, freq 0.000001

000110011
lengthstr 9, count 4, freq 0.000003

01110011011011
lengthstr 14, count 2, freq 0.000001

11000111111110
lengthstr 14, count 2, freq 0.000001

1000101
lengthstr 7, count 30, freq 0.000020

010101011101
lengthstr 12, count 2, freq 0.000001

0000101001000001
lengthstr 16, count 2, freq 0.000001

000111101110
lengthstr 12, count 2, freq 0.000001

110101111111011
lengthstr 15, count 2, freq 0.000001

00010100000
lengthstr 11, count 4, freq 0.000003

01010001
lengthstr 8, count 6, freq 0.000004

100111
lengthstr 6, count 32, freq 0.000021

0100000100
lengthstr 10, count 4, freq 0.000003

00011111111
lengthstr 11, count 4, freq 0.000003

001100000110010
lengthstr 15, count 2, freq 0.000001

000001000100
lengthstr 12, count 2, freq 0.000001

1011111101110
lengthstr 13, count 2, freq 0.000001

0111111111111111111
lengthstr 19, count 4, freq 0.000003

00000000000000000000
lengthstr 20, count 22, freq 0.000015

0001111011000010
lengthstr 16, count 2, freq 0.000001

111000000
lengthstr 9, count 14, freq 0.000009

11111011101
lengthstr 11, count 2, freq 0.000001

00011011
lengthstr 8, count 6, freq 0.000004

000000000000000011
lengthstr 18, count 4, freq 0.000003

000000001110010
lengthstr 15, count 2, freq 0.000001

101100110011
lengthstr 12, count 2, freq 0.000001

000000100001011
lengthstr 15, count 2, freq 0.000001

11001010
lengthstr 8, count 6, freq 0.000004

001010101
lengthstr 9, count 54, freq 0.000036

011100111
lengthstr 9, count 2, freq 0.000001

110110111111011011110111101011
lengthstr 30, count 2, freq 0.000001

010111111010
lengthstr 12, count 2, freq 0.000001

110111011101
lengthstr 12, count 6, freq 0.000004

000000000000000000000
lengthstr 21, count 16, freq 0.000011

1100
lengthstr 4, count 4236, freq 0.002835

0100010100000100010000101000001
lengthstr 31, count 2, freq 0.000001

0001101100010
lengthstr 13, count 2, freq 0.000001

01111100001
lengthstr 11, count 2, freq 0.000001

0101100000111
lengthstr 13, count 2, freq 0.000001

1101100000111
lengthstr 13, count 2, freq 0.000001

0100100000010010000100001010
lengthstr 28, count 4, freq 0.000003

010110
lengthstr 6, count 56, freq 0.000037

10111110111010111010111101010101
lengthstr 32, count 2, freq 0.000001

101110101101
lengthstr 12, count 2, freq 0.000001

1011101100
lengthstr 10, count 4, freq 0.000003

1001000000100
lengthstr 13, count 2, freq 0.000001

001010101111
lengthstr 12, count 2, freq 0.000001

01000001000101000101000010101010
lengthstr 32, count 2, freq 0.000001

0000111111
lengthstr 10, count 12, freq 0.000008

110101111101110101111011
lengthstr 24, count 2, freq 0.000001

0011001111
lengthstr 10, count 2, freq 0.000001

1110110000011011000110001110
lengthstr 28, count 2, freq 0.000001

000000000000000000000000
lengthstr 24, count 34, freq 0.000023

101100001
lengthstr 9, count 2, freq 0.000001

000000000000101
lengthstr 15, count 2, freq 0.000001

111110111
lengthstr 9, count 14, freq 0.000009

001111110101101
lengthstr 15, count 2, freq 0.000001

000010001000010000100101
lengthstr 24, count 2, freq 0.000001

100000010001
lengthstr 12, count 2, freq 0.000001

01011101101
lengthstr 11, count 2, freq 0.000001

01011110111
lengthstr 11, count 12, freq 0.000008

001010010001010
lengthstr 15, count 2, freq 0.000001

10000001
lengthstr 8, count 150, freq 0.000100

1010101011111
lengthstr 13, count 6, freq 0.000004

10101010101011
lengthstr 14, count 4, freq 0.000003

001010101010
lengthstr 12, count 20, freq 0.000013

0111011110
lengthstr 10, count 2, freq 0.000001

0000000000011
lengthstr 13, count 4, freq 0.000003

1110011111111
lengthstr 13, count 2, freq 0.000001

1000100111
lengthstr 10, count 2, freq 0.000001

101111110
lengthstr 9, count 8, freq 0.000005

01010101001000010010100101
lengthstr 26, count 2, freq 0.000001

01000101000101010
lengthstr 17, count 2, freq 0.000001

1110
lengthstr 4, count 17350, freq 0.011614

11101111
lengthstr 8, count 32, freq 0.000021

1011110101
lengthstr 10, count 2, freq 0.000001

000000000011
lengthstr 12, count 14, freq 0.000009

01011101011110
lengthstr 14, count 2, freq 0.000001

11110111100
lengthstr 11, count 2, freq 0.000001

011111111111111111111111111
lengthstr 27, count 2, freq 0.000001

11100001100111100111100011111111
lengthstr 32, count 2, freq 0.000001

01110111110111111011011111
lengthstr 26, count 2, freq 0.000001

00010000100
lengthstr 11, count 2, freq 0.000001

00100001010
lengthstr 11, count 4, freq 0.000003

1000000000000000000000
lengthstr 22, count 14, freq 0.000009

00100101001000
lengthstr 14, count 2, freq 0.000001

11001111011001111
lengthstr 17, count 2, freq 0.000001

00110110
lengthstr 8, count 2, freq 0.000001

100011100001111000011000
lengthstr 24, count 2, freq 0.000001

11001110
lengthstr 8, count 12, freq 0.000008

0011011011111111
lengthstr 16, count 2, freq 0.000001

01111111111
lengthstr 11, count 118, freq 0.000079

001100000110011
lengthstr 15, count 2, freq 0.000001

1011110111010
lengthstr 13, count 2, freq 0.000001

0001101111000111111
lengthstr 19, count 2, freq 0.000001

0110111011010111
lengthstr 16, count 2, freq 0.000001

1110111011010111101111110
lengthstr 25, count 2, freq 0.000001

0001100100
lengthstr 10, count 4, freq 0.000003

00010000010000000
lengthstr 17, count 2, freq 0.000001

100110011000000011001111
lengthstr 24, count 2, freq 0.000001

000010011
lengthstr 9, count 6, freq 0.000004

1000111100110000111001
lengthstr 22, count 2, freq 0.000001

101010000100
lengthstr 12, count 2, freq 0.000001

00000011110000
lengthstr 14, count 2, freq 0.000001

11100011010
lengthstr 11, count 4, freq 0.000003

1010101101011010
lengthstr 16, count 2, freq 0.000001

11100000001
lengthstr 11, count 2, freq 0.000001

1110000110011110011110001
lengthstr 25, count 2, freq 0.000001

000110011000110001101110
lengthstr 24, count 2, freq 0.000001

0010010010
lengthstr 10, count 8, freq 0.000005

100100000000010
lengthstr 15, count 2, freq 0.000001

10001001110
lengthstr 11, count 4, freq 0.000003

101100110000110010000110
lengthstr 24, count 2, freq 0.000001

1100001
lengthstr 7, count 36, freq 0.000024

111011010101010101
lengthstr 18, count 4, freq 0.000003

0011000
lengthstr 7, count 16, freq 0.000011

010001010010
lengthstr 12, count 2, freq 0.000001

1001001000
lengthstr 10, count 2, freq 0.000001

1110100
lengthstr 7, count 38, freq 0.000025

100100010001
lengthstr 12, count 4, freq 0.000003

101111111111111111111
lengthstr 21, count 2, freq 0.000001

01001000011
lengthstr 11, count 6, freq 0.000004

10111
lengthstr 5, count 818, freq 0.000548

00010100101
lengthstr 11, count 8, freq 0.000005

0110011110000
lengthstr 13, count 2, freq 0.000001

1001101100010
lengthstr 13, count 2, freq 0.000001

1011111110
lengthstr 10, count 2, freq 0.000001

1010010010
lengthstr 10, count 8, freq 0.000005

0010010010101010
lengthstr 16, count 2, freq 0.000001

100
lengthstr 3, count 18730, freq 0.012537

1101110111010
lengthstr 13, count 2, freq 0.000001

010000001010
lengthstr 12, count 4, freq 0.000003

001010010010
lengthstr 12, count 2, freq 0.000001

10111111100
lengthstr 11, count 4, freq 0.000003

010001000
lengthstr 9, count 6, freq 0.000004

0000000000000000000000000001
lengthstr 28, count 6, freq 0.000004

100010001000001010
lengthstr 18, count 2, freq 0.000001

000101001011
lengthstr 12, count 4, freq 0.000003

011101010
lengthstr 9, count 6, freq 0.000004

0000000001010
lengthstr 13, count 2, freq 0.000001

110110101111011101
lengthstr 18, count 2, freq 0.000001

111101011
lengthstr 9, count 6, freq 0.000004

1101100110111100011000001
lengthstr 25, count 2, freq 0.000001

0011111111111
lengthstr 13, count 14, freq 0.000009

101110111010111101101011
lengthstr 24, count 2, freq 0.000001

100000001
lengthstr 9, count 28, freq 0.000019

100001001
lengthstr 9, count 2, freq 0.000001

0010011
lengthstr 7, count 26, freq 0.000017

10100100100101010000
lengthstr 20, count 2, freq 0.000001

100100010000
lengthstr 12, count 2, freq 0.000001

0010010010101011
lengthstr 16, count 2, freq 0.000001

10101000001010
lengthstr 14, count 2, freq 0.000001

00000000000010
lengthstr 14, count 12, freq 0.000008

001101011
lengthstr 9, count 12, freq 0.000008

1011001110
lengthstr 10, count 2, freq 0.000001

01100000000
lengthstr 11, count 4, freq 0.000003

00110001
lengthstr 8, count 12, freq 0.000008

1110000
lengthstr 7, count 44, freq 0.000029

1000000000000
lengthstr 13, count 80, freq 0.000054

000000000000000000000011
lengthstr 24, count 6, freq 0.000004

11101011011
lengthstr 11, count 2, freq 0.000001

0111011101101011101101
lengthstr 22, count 2, freq 0.000001

1000100100
lengthstr 10, count 4, freq 0.000003

11101111101100
lengthstr 14, count 4, freq 0.000003

1111111111111100
lengthstr 16, count 4, freq 0.000003

010011000110
lengthstr 12, count 2, freq 0.000001

111111101
lengthstr 9, count 32, freq 0.000021

000010100
lengthstr 9, count 6, freq 0.000004

001100001
lengthstr 9, count 2, freq 0.000001

1011101011111011101111010111111
lengthstr 31, count 2, freq 0.000001

0101
lengthstr 4, count 2676, freq 0.001791

00100001010010
lengthstr 14, count 2, freq 0.000001

01000101001000101
lengthstr 17, count 2, freq 0.000001

111101011010
lengthstr 12, count 2, freq 0.000001

01011001111011
lengthstr 14, count 2, freq 0.000001

010111011110
lengthstr 12, count 2, freq 0.000001

101101110101
lengthstr 12, count 4, freq 0.000003

000011100
lengthstr 9, count 2, freq 0.000001

000011000
lengthstr 9, count 2, freq 0.000001

00000000000000000000000
lengthstr 23, count 10, freq 0.000007

0110110101
lengthstr 10, count 4, freq 0.000003

10101011111010
lengthstr 14, count 4, freq 0.000003

11000100
lengthstr 8, count 4, freq 0.000003

11011110001111
lengthstr 14, count 2, freq 0.000001

10100011
lengthstr 8, count 2, freq 0.000001

1111100000
lengthstr 10, count 2, freq 0.000001

000101000010001000
lengthstr 18, count 2, freq 0.000001

11110111
lengthstr 8, count 10, freq 0.000007

111010111101110111
lengthstr 18, count 2, freq 0.000001

110011001100001110010001
lengthstr 24, count 2, freq 0.000001

1010000100
lengthstr 10, count 4, freq 0.000003

00110011
lengthstr 8, count 8, freq 0.000005

101101011110111011
lengthstr 18, count 4, freq 0.000003

00100001000
lengthstr 11, count 6, freq 0.000004

1010101001
lengthstr 10, count 2, freq 0.000001

100010001000000001000100
lengthstr 24, count 2, freq 0.000001

1001001111100100111001110001
lengthstr 28, count 2, freq 0.000001

001110111111
lengthstr 12, count 2, freq 0.000001

1010100010100
lengthstr 13, count 2, freq 0.000001

1010101000000
lengthstr 13, count 2, freq 0.000001

111000001111
lengthstr 12, count 2, freq 0.000001

001100011011011110010
lengthstr 21, count 2, freq 0.000001

1100110
lengthstr 7, count 4, freq 0.000003

0100010000
lengthstr 10, count 6, freq 0.000004

01110100
lengthstr 8, count 12, freq 0.000008

00011100100
lengthstr 11, count 4, freq 0.000003

10111111010
lengthstr 11, count 2, freq 0.000001

0000000001111
lengthstr 13, count 2, freq 0.000001

111011111011010101
lengthstr 18, count 2, freq 0.000001

0000000000000011
lengthstr 16, count 4, freq 0.000003

1010110111011
lengthstr 13, count 2, freq 0.000001

10100001000100101000000
lengthstr 23, count 2, freq 0.000001

1100111100001100110001111000010
lengthstr 31, count 2, freq 0.000001

10010100100
lengthstr 11, count 2, freq 0.000001

100011
lengthstr 6, count 72, freq 0.000048

111010110101
lengthstr 12, count 4, freq 0.000003

010000000000000000000
lengthstr 21, count 2, freq 0.000001

1111010111011111011111010
lengthstr 25, count 2, freq 0.000001

01110101101110101
lengthstr 17, count 2, freq 0.000001

011101011010
lengthstr 12, count 2, freq 0.000001

0010101010000000
lengthstr 16, count 2, freq 0.000001

110101011101
lengthstr 12, count 2, freq 0.000001

10110110110101011100
lengthstr 20, count 4, freq 0.000003

1111011001100
lengthstr 13, count 2, freq 0.000001

11110110110
lengthstr 11, count 2, freq 0.000001

1001000100101000010000001
lengthstr 25, count 2, freq 0.000001

0101011011111
lengthstr 13, count 2, freq 0.000001

000111101111
lengthstr 12, count 2, freq 0.000001

000000000000001
lengthstr 15, count 24, freq 0.000016

0001000100100
lengthstr 13, count 2, freq 0.000001

11101111101111110
lengthstr 17, count 2, freq 0.000001

001001001
lengthstr 9, count 6, freq 0.000004

101101111
lengthstr 9, count 2, freq 0.000001

11001110001
lengthstr 11, count 2, freq 0.000001

1011101110100
lengthstr 13, count 2, freq 0.000001

1010001001
lengthstr 10, count 4, freq 0.000003

101110
lengthstr 6, count 90, freq 0.000060

0101100
lengthstr 7, count 4, freq 0.000003

00010101001000011
lengthstr 17, count 2, freq 0.000001

00010000010000001001000011
lengthstr 26, count 4, freq 0.000003

111011010101010100
lengthstr 18, count 4, freq 0.000003

0001010000000
lengthstr 13, count 2, freq 0.000001

1000110000001
lengthstr 13, count 2, freq 0.000001

1101101100
lengthstr 10, count 2, freq 0.000001

000000000000000
lengthstr 15, count 40, freq 0.000027

111100000
lengthstr 9, count 6, freq 0.000004

01001001001010100011
lengthstr 20, count 4, freq 0.000003

000011110000111100111
lengthstr 21, count 2, freq 0.000001

1010001010
lengthstr 10, count 2, freq 0.000001

111111010
lengthstr 9, count 10, freq 0.000007

1011101110110101110110
lengthstr 22, count 2, freq 0.000001

1010101011
lengthstr 10, count 16, freq 0.000011

01011110101
lengthstr 11, count 2, freq 0.000001

1110000000
lengthstr 10, count 14, freq 0.000009

1111000000110
lengthstr 13, count 2, freq 0.000001

1101111101110101111010
lengthstr 22, count 2, freq 0.000001

1011011111101101111011110100
lengthstr 28, count 4, freq 0.000003

111101111110
lengthstr 12, count 2, freq 0.000001

000100010001010000100100
lengthstr 24, count 2, freq 0.000001

011001000000000001
lengthstr 18, count 2, freq 0.000001

11001000010100
lengthstr 14, count 4, freq 0.000003

1111011111011011
lengthstr 16, count 2, freq 0.000001

0000100000001
lengthstr 13, count 2, freq 0.000001

1000100010010
lengthstr 13, count 2, freq 0.000001

011011101011110110111101
lengthstr 24, count 2, freq 0.000001

0001000010100
lengthstr 13, count 2, freq 0.000001

110101101
lengthstr 9, count 8, freq 0.000005

0101010000001000010101
lengthstr 22, count 2, freq 0.000001

0010010100010010101001
lengthstr 22, count 2, freq 0.000001

00010
lengthstr 5, count 1452, freq 0.000972

1100111100001100110001111000011
lengthstr 31, count 2, freq 0.000001

0000101000100000100000101
lengthstr 25, count 2, freq 0.000001

001101111011110111
lengthstr 18, count 2, freq 0.000001

0110111111011011110111101011
lengthstr 28, count 2, freq 0.000001

0001001
lengthstr 7, count 48, freq 0.000032

1011101111
lengthstr 10, count 6, freq 0.000004

01011000111101
lengthstr 14, count 2, freq 0.000001

0100010010
lengthstr 10, count 4, freq 0.000003

0100111101100
lengthstr 13, count 2, freq 0.000001

001001010100100101001010011
lengthstr 27, count 2, freq 0.000001

111111011011111010110
lengthstr 21, count 2, freq 0.000001

0101100000110
lengthstr 13, count 2, freq 0.000001

00100111110
lengthstr 11, count 2, freq 0.000001

000100010000000010001011
lengthstr 24, count 2, freq 0.000001

01011110101110111
lengthstr 17, count 2, freq 0.000001

10011000011010
lengthstr 14, count 2, freq 0.000001

101001100
lengthstr 9, count 2, freq 0.000001

10000000000
lengthstr 11, count 116, freq 0.000078

01011111111101
lengthstr 14, count 2, freq 0.000001

0100000000000000000
lengthstr 19, count 2, freq 0.000001

10111011101010101
lengthstr 17, count 2, freq 0.000001

000010010101010101
lengthstr 18, count 2, freq 0.000001

10101000
lengthstr 8, count 10, freq 0.000007

111001
lengthstr 6, count 58, freq 0.000039

1000010101
lengthstr 10, count 2, freq 0.000001

101111101101111101011
lengthstr 21, count 4, freq 0.000003

0100100101
lengthstr 10, count 6, freq 0.000004

00111101010
lengthstr 11, count 2, freq 0.000001

10100010101
lengthstr 11, count 4, freq 0.000003

00010100001011
lengthstr 14, count 2, freq 0.000001

001001010
lengthstr 9, count 12, freq 0.000008

11000111111011
lengthstr 14, count 2, freq 0.000001

111001000010000
lengthstr 15, count 2, freq 0.000001

00001100001110
lengthstr 14, count 2, freq 0.000001

1011011101101011110111111
lengthstr 25, count 2, freq 0.000001

00010000010100
lengthstr 14, count 2, freq 0.000001

0101000000
lengthstr 10, count 2, freq 0.000001

00111111110000
lengthstr 14, count 2, freq 0.000001

101111110111111010
lengthstr 18, count 2, freq 0.000001

01000011
lengthstr 8, count 22, freq 0.000015

00000000000000010
lengthstr 17, count 8, freq 0.000005

110111011111
lengthstr 12, count 2, freq 0.000001

1101010111111
lengthstr 13, count 2, freq 0.000001

0011111010101
lengthstr 13, count 2, freq 0.000001

110100010
lengthstr 9, count 12, freq 0.000008

0111111110
lengthstr 10, count 36, freq 0.000024

1110010011100
lengthstr 13, count 2, freq 0.000001

101101110101111011011110
lengthstr 24, count 2, freq 0.000001

100100000100101010
lengthstr 18, count 2, freq 0.000001

111100011
lengthstr 9, count 2, freq 0.000001

0110101101
lengthstr 10, count 2, freq 0.000001

001011111
lengthstr 9, count 8, freq 0.000005

00000000010
lengthstr 11, count 12, freq 0.000008

1011011110110101100
lengthstr 19, count 2, freq 0.000001

110111011101011110
lengthstr 18, count 2, freq 0.000001

0010001010
lengthstr 10, count 2, freq 0.000001

0000000000000000001
lengthstr 19, count 8, freq 0.000005

1010010101
lengthstr 10, count 8, freq 0.000005

0111111111111111
lengthstr 16, count 18, freq 0.000012

0111001100
lengthstr 10, count 2, freq 0.000001

110001000010
lengthstr 12, count 2, freq 0.000001

000100000100101010
lengthstr 18, count 2, freq 0.000001

110111100011001100
lengthstr 18, count 2, freq 0.000001

00100000100000010010000101
lengthstr 26, count 2, freq 0.000001

000000001110
lengthstr 12, count 2, freq 0.000001

00000011100110
lengthstr 14, count 2, freq 0.000001

01000001000101000101000010101011
lengthstr 32, count 2, freq 0.000001

10100100000100100001000010
lengthstr 26, count 2, freq 0.000001

001000100010100001001010
lengthstr 24, count 4, freq 0.000003

011011010101101101011010110
lengthstr 27, count 2, freq 0.000001

000000110000
lengthstr 12, count 4, freq 0.000003

11100011011
lengthstr 11, count 4, freq 0.000003

0011111110
lengthstr 10, count 6, freq 0.000004

00100101000
lengthstr 11, count 2, freq 0.000001

00111100011
lengthstr 11, count 2, freq 0.000001

1110011
lengthstr 7, count 16, freq 0.000011

110010000
lengthstr 9, count 2, freq 0.000001

10000000000000000000
lengthstr 20, count 2, freq 0.000001

01100111100100
lengthstr 14, count 2, freq 0.000001

11011110111
lengthstr 11, count 8, freq 0.000005

1001011
lengthstr 7, count 10, freq 0.000007

0011001100100001100101
lengthstr 22, count 2, freq 0.000001

110101110101
lengthstr 12, count 2, freq 0.000001

0001010
lengthstr 7, count 50, freq 0.000033

10111001100
lengthstr 11, count 2, freq 0.000001

10001011
lengthstr 8, count 12, freq 0.000008

01011011
lengthstr 8, count 4, freq 0.000003

1111010111011111011111011
lengthstr 25, count 2, freq 0.000001

10000011
lengthstr 8, count 12, freq 0.000008

100000010101
lengthstr 12, count 2, freq 0.000001

10110101111010
lengthstr 14, count 4, freq 0.000003

100010011001
lengthstr 12, count 2, freq 0.000001

00100100100010
lengthstr 14, count 2, freq 0.000001

01011
lengthstr 5, count 362, freq 0.000242

10010001010010
lengthstr 14, count 2, freq 0.000001

110000010
lengthstr 9, count 12, freq 0.000008

0001100000001110
lengthstr 16, count 2, freq 0.000001

10100001110000
lengthstr 14, count 2, freq 0.000001

11011110
lengthstr 8, count 12, freq 0.000008

001000010000
lengthstr 12, count 2, freq 0.000001

0
lengthstr 1, count 352512, freq 0.235960

10001010100100
lengthstr 14, count 2, freq 0.000001

0001100001110
lengthstr 13, count 2, freq 0.000001

00001101
lengthstr 8, count 2, freq 0.000001

000000000000010
lengthstr 15, count 6, freq 0.000004

001000100011
lengthstr 12, count 6, freq 0.000004

000010001010001001010001
lengthstr 24, count 2, freq 0.000001

0011100100
lengthstr 10, count 4, freq 0.000003

0101111111
lengthstr 10, count 8, freq 0.000005

00101000011
lengthstr 11, count 2, freq 0.000001

00111110
lengthstr 8, count 48, freq 0.000032

1110111110
lengthstr 10, count 20, freq 0.000013

011010110
lengthstr 9, count 6, freq 0.000004

10000010001010001010000101010101
lengthstr 32, count 2, freq 0.000001

0100011110
lengthstr 10, count 2, freq 0.000001

010101010
lengthstr 9, count 66, freq 0.000044

10101010101010101
lengthstr 17, count 4, freq 0.000003

110011101
lengthstr 9, count 2, freq 0.000001

011100011
lengthstr 9, count 2, freq 0.000001

000111100100
lengthstr 12, count 2, freq 0.000001

101100110000110010000111
lengthstr 24, count 2, freq 0.000001

010101010100
lengthstr 12, count 6, freq 0.000004

111111110
lengthstr 9, count 124, freq 0.000083

1100100000010
lengthstr 13, count 4, freq 0.000003

01000001010
lengthstr 11, count 10, freq 0.000007

11010101010
lengthstr 11, count 26, freq 0.000017

01011101010110
lengthstr 14, count 2, freq 0.000001

0101010
lengthstr 7, count 206, freq 0.000138

01111111110101
lengthstr 14, count 2, freq 0.000001

0010000101010
lengthstr 13, count 2, freq 0.000001

01010101111011
lengthstr 14, count 2, freq 0.000001

00001001001
lengthstr 11, count 2, freq 0.000001

0101101111110110111101111011
lengthstr 28, count 2, freq 0.000001

1111001111110
lengthstr 13, count 2, freq 0.000001

101101111111111
lengthstr 15, count 2, freq 0.000001

0001111001100001100001110
lengthstr 25, count 2, freq 0.000001

01000101001
lengthstr 11, count 2, freq 0.000001

00001000100
lengthstr 11, count 4, freq 0.000003

000011011
lengthstr 9, count 2, freq 0.000001

101000010100000101000101
lengthstr 24, count 2, freq 0.000001

01101011
lengthstr 8, count 10, freq 0.000007

1110000101
lengthstr 10, count 4, freq 0.000003

01000101010010
lengthstr 14, count 4, freq 0.000003

000100101001010
lengthstr 15, count 2, freq 0.000001

01011110
lengthstr 8, count 6, freq 0.000004

001000100000000100010101
lengthstr 24, count 2, freq 0.000001

0011001110
lengthstr 10, count 2, freq 0.000001

01111111
lengthstr 8, count 1490, freq 0.000997

110010101010000
lengthstr 15, count 2, freq 0.000001

1100100100000000
lengthstr 16, count 2, freq 0.000001

00101010101010
lengthstr 14, count 14, freq 0.000009

101111010
lengthstr 9, count 4, freq 0.000003

1111000001
lengthstr 10, count 8, freq 0.000005

00001000011
lengthstr 11, count 2, freq 0.000001

11000001110
lengthstr 11, count 2, freq 0.000001

0010101010101
lengthstr 13, count 18, freq 0.000012

11100
lengthstr 5, count 1476, freq 0.000988

010110000110111111
lengthstr 18, count 2, freq 0.000001

010010001010
lengthstr 12, count 4, freq 0.000003

11001110000
lengthstr 11, count 2, freq 0.000001

1011101011
lengthstr 10, count 8, freq 0.000005

010101000100
lengthstr 12, count 4, freq 0.000003

001010001010100
lengthstr 15, count 2, freq 0.000001

00001000001001
lengthstr 14, count 2, freq 0.000001

10111101010101
lengthstr 14, count 2, freq 0.000001

0111011111011
lengthstr 13, count 2, freq 0.000001

001011111010111110111
lengthstr 21, count 2, freq 0.000001

01010101010101
lengthstr 14, count 16, freq 0.000011

01110111110111
lengthstr 14, count 2, freq 0.000001

111111111111111101
lengthstr 18, count 4, freq 0.000003

11000000011
lengthstr 11, count 2, freq 0.000001

01101101101111110011
lengthstr 20, count 2, freq 0.000001

10100000100
lengthstr 11, count 4, freq 0.000003

11111111111111
lengthstr 14, count 130, freq 0.000087

111111111111
lengthstr 12, count 142, freq 0.000095

0001011
lengthstr 7, count 38, freq 0.000025

11111111111111111111111
lengthstr 23, count 10, freq 0.000007

0100100010010100001000000
lengthstr 25, count 2, freq 0.000001

110111101101101011100
lengthstr 21, count 2, freq 0.000001

1111101010
lengthstr 10, count 2, freq 0.000001

01000000100
lengthstr 11, count 4, freq 0.000003

10000000000000000000000
lengthstr 23, count 8, freq 0.000005

1000000010
lengthstr 10, count 6, freq 0.000004

1111011111010
lengthstr 13, count 2, freq 0.000001

0001
lengthstr 4, count 17336, freq 0.011604

1010101
lengthstr 7, count 206, freq 0.000138

0010110111
lengthstr 10, count 2, freq 0.000001

1101011101
lengthstr 10, count 2, freq 0.000001

01000101000001
lengthstr 14, count 2, freq 0.000001

100111111
lengthstr 9, count 4, freq 0.000003

11101101110101
lengthstr 14, count 2, freq 0.000001

10001010
lengthstr 8, count 12, freq 0.000008

00101000010001
lengthstr 14, count 2, freq 0.000001

00010000010000001001000010
lengthstr 26, count 4, freq 0.000003

0011111101110
lengthstr 13, count 2, freq 0.000001

1111111111111
lengthstr 13, count 122, freq 0.000082

101101110101111011011111
lengthstr 24, count 2, freq 0.000001

1011101110101
lengthstr 13, count 2, freq 0.000001

11010110111
lengthstr 11, count 4, freq 0.000003

1100010101
lengthstr 10, count 2, freq 0.000001

0011001100100001100100
lengthstr 22, count 2, freq 0.000001

00011111101100011
lengthstr 17, count 2, freq 0.000001

0101110101011
lengthstr 13, count 4, freq 0.000003

1011111011010
lengthstr 13, count 2, freq 0.000001

01011110101010101
lengthstr 17, count 2, freq 0.000001

10111101011101100
lengthstr 17, count 4, freq 0.000003

0000110011
lengthstr 10, count 2, freq 0.000001

11101
lengthstr 5, count 1466, freq 0.000981

10000001010
lengthstr 11, count 2, freq 0.000001

0000111100110000111001
lengthstr 22, count 2, freq 0.000001

00010011
lengthstr 8, count 10, freq 0.000007

011111011011111010110
lengthstr 21, count 2, freq 0.000001

1100001010
lengthstr 10, count 2, freq 0.000001

11101111101101
lengthstr 14, count 4, freq 0.000003

1010100
lengthstr 7, count 98, freq 0.000066

10001100001110
lengthstr 14, count 2, freq 0.000001

00001000001000
lengthstr 14, count 2, freq 0.000001

10100001000
lengthstr 11, count 10, freq 0.000007

01110011
lengthstr 8, count 2, freq 0.000001

11101010101
lengthstr 11, count 6, freq 0.000004

10010001
lengthstr 8, count 2, freq 0.000001

11100000010011101
lengthstr 17, count 2, freq 0.000001

10100111
lengthstr 8, count 10, freq 0.000007

0000011
lengthstr 7, count 118, freq 0.000079

11110101010
lengthstr 11, count 2, freq 0.000001

010000110110000111100
lengthstr 21, count 2, freq 0.000001

0000000000000000000000000000
lengthstr 28, count 10, freq 0.000007

0100100000010
lengthstr 13, count 4, freq 0.000003

1000100000101
lengthstr 13, count 2, freq 0.000001

000000100100000101000
lengthstr 21, count 2, freq 0.000001

11000000100
lengthstr 11, count 2, freq 0.000001

100010
lengthstr 6, count 72, freq 0.000048

0111000011001111000110
lengthstr 22, count 2, freq 0.000001

11000111111
lengthstr 11, count 2, freq 0.000001

10001100001
lengthstr 11, count 4, freq 0.000003

1010010000001
lengthstr 13, count 2, freq 0.000001

010000011
lengthstr 9, count 10, freq 0.000007

100100100
lengthstr 9, count 6, freq 0.000004

1011111101
lengthstr 10, count 2, freq 0.000001

01000001001
lengthstr 11, count 2, freq 0.000001

11101011111
lengthstr 11, count 4, freq 0.000003

01000110011
lengthstr 11, count 2, freq 0.000001

1101111011011010111010
lengthstr 22, count 2, freq 0.000001

11110101011
lengthstr 11, count 2, freq 0.000001

0000100000100
lengthstr 13, count 2, freq 0.000001

0001111010
lengthstr 10, count 4, freq 0.000003

0100000110011
lengthstr 13, count 2, freq 0.000001

10000100101
lengthstr 11, count 2, freq 0.000001

1001001001000
lengthstr 13, count 2, freq 0.000001

1101110101111
lengthstr 13, count 2, freq 0.000001

1101000100
lengthstr 10, count 2, freq 0.000001

00001100001
lengthstr 11, count 4, freq 0.000003

1111011
lengthstr 7, count 60, freq 0.000040

111111001110000
lengthstr 15, count 2, freq 0.000001

1010111011
lengthstr 10, count 2, freq 0.000001

1110000111001111111111100
lengthstr 25, count 2, freq 0.000001

110111101011111010111010
lengthstr 24, count 2, freq 0.000001

101011011101
lengthstr 12, count 2, freq 0.000001

010011001101
lengthstr 12, count 2, freq 0.000001

0111000000
lengthstr 10, count 4, freq 0.000003

10011111110
lengthstr 11, count 2, freq 0.000001

010101011110110
lengthstr 15, count 2, freq 0.000001

1111111111111111111110
lengthstr 22, count 12, freq 0.000008

001010000000
lengthstr 12, count 2, freq 0.000001

0011101111111
lengthstr 13, count 2, freq 0.000001

01011101101110111
lengthstr 17, count 2, freq 0.000001

00000100010010100000000
lengthstr 23, count 2, freq 0.000001

10001111
lengthstr 8, count 6, freq 0.000004

0011110101
lengthstr 10, count 2, freq 0.000001

00100001001
lengthstr 11, count 2, freq 0.000001

001010000100
lengthstr 12, count 2, freq 0.000001

11000100100010001
lengthstr 17, count 2, freq 0.000001

00101000100
lengthstr 11, count 2, freq 0.000001

1101110111010111101101011
lengthstr 25, count 2, freq 0.000001

11000110010
lengthstr 11, count 2, freq 0.000001

11011111011011111010111
lengthstr 23, count 2, freq 0.000001

1000111
lengthstr 7, count 16, freq 0.000011

101001010010
lengthstr 12, count 2, freq 0.000001

011111011011111010111
lengthstr 21, count 2, freq 0.000001

00111110000
lengthstr 11, count 2, freq 0.000001

11101100011
lengthstr 11, count 4, freq 0.000003

0101000101
lengthstr 10, count 4, freq 0.000003

111111111111111111110
lengthstr 21, count 8, freq 0.000005

110011001111001101111001
lengthstr 24, count 2, freq 0.000001

1110111
lengthstr 7, count 50, freq 0.000033

101101111111110
lengthstr 15, count 2, freq 0.000001

1010010010000
lengthstr 13, count 2, freq 0.000001

1110101101111101
lengthstr 16, count 2, freq 0.000001

1111111111111111111111100
lengthstr 25, count 2, freq 0.000001

011011111111100
lengthstr 15, count 2, freq 0.000001

1111111111111111110
lengthstr 19, count 8, freq 0.000005

00111110001
lengthstr 11, count 2, freq 0.000001

101000011100110010
lengthstr 18, count 2, freq 0.000001

000001001010101010101
lengthstr 21, count 2, freq 0.000001

1011101111011101011101
lengthstr 22, count 2, freq 0.000001

01100111100111110010011100
lengthstr 26, count 2, freq 0.000001

0101011111110
lengthstr 13, count 2, freq 0.000001

01000000001111
lengthstr 14, count 2, freq 0.000001

01001101
lengthstr 8, count 4, freq 0.000003

110111010
lengthstr 9, count 4, freq 0.000003

11000000001
lengthstr 11, count 2, freq 0.000001

00101111
lengthstr 8, count 2, freq 0.000001

01010000000
lengthstr 11, count 8, freq 0.000005

11010010000
lengthstr 11, count 6, freq 0.000004

1110000100
lengthstr 10, count 4, freq 0.000003

0110101011
lengthstr 10, count 4, freq 0.000003

01011101
lengthstr 8, count 6, freq 0.000004

01101011111
lengthstr 11, count 2, freq 0.000001

1110101111011111111111100
lengthstr 25, count 2, freq 0.000001

010111011111
lengthstr 12, count 2, freq 0.000001

01110011110
lengthstr 11, count 4, freq 0.000003

0001001010000101010
lengthstr 19, count 2, freq 0.000001

0010011111000
lengthstr 13, count 2, freq 0.000001

111000011
lengthstr 9, count 6, freq 0.000004

101010000100000
lengthstr 15, count 2, freq 0.000001

1100000101010
lengthstr 13, count 2, freq 0.000001

1000101001
lengthstr 10, count 2, freq 0.000001

0010001000000
lengthstr 13, count 2, freq 0.000001

00010000101000
lengthstr 14, count 4, freq 0.000003

0101111110111
lengthstr 13, count 2, freq 0.000001

000000000000000000001
lengthstr 21, count 4, freq 0.000003

01010111011011
lengthstr 14, count 2, freq 0.000001

11011000
lengthstr 8, count 10, freq 0.000007

11111111111111111111100
lengthstr 23, count 2, freq 0.000001

11010100000
lengthstr 11, count 2, freq 0.000001

11110110111010
lengthstr 14, count 2, freq 0.000001

000110111101111
lengthstr 15, count 2, freq 0.000001

01111011101101011111110
lengthstr 23, count 2, freq 0.000001

1010100010101
lengthstr 13, count 2, freq 0.000001

0110101110
lengthstr 10, count 2, freq 0.000001

11101111111
lengthstr 11, count 4, freq 0.000003

00
lengthstr 2, count 95796, freq 0.064123

110110001100011001
lengthstr 18, count 2, freq 0.000001

01111011111
lengthstr 11, count 4, freq 0.000003

0001010010
lengthstr 10, count 6, freq 0.000004

1011011111
lengthstr 10, count 2, freq 0.000001

00011100
lengthstr 8, count 4, freq 0.000003

0100001100
lengthstr 10, count 2, freq 0.000001

10000100010010100000001
lengthstr 23, count 2, freq 0.000001

1110111111101010
lengthstr 16, count 2, freq 0.000001

0110010011100
lengthstr 13, count 2, freq 0.000001

00101001000
lengthstr 11, count 2, freq 0.000001

0110111010
lengthstr 10, count 2, freq 0.000001

00101000001010
lengthstr 14, count 2, freq 0.000001

011001000000000000
lengthstr 18, count 2, freq 0.000001

11010101011
lengthstr 11, count 2, freq 0.000001

10111010110111011
lengthstr 17, count 2, freq 0.000001

01100011110011010
lengthstr 17, count 2, freq 0.000001

11101101110100
lengthstr 14, count 2, freq 0.000001

1111000000
lengthstr 10, count 12, freq 0.000008

10100100001
lengthstr 11, count 8, freq 0.000005

11001000101001
lengthstr 14, count 2, freq 0.000001

00011111100
lengthstr 11, count 2, freq 0.000001

11101011101
lengthstr 11, count 2, freq 0.000001

11011011011100
lengthstr 14, count 2, freq 0.000001

01110
lengthstr 5, count 702, freq 0.000470

10110101
lengthstr 8, count 6, freq 0.000004

010111110101111101111
lengthstr 21, count 2, freq 0.000001

111100101
lengthstr 9, count 2, freq 0.000001

100000
lengthstr 6, count 2030, freq 0.001359

111101011011
lengthstr 12, count 4, freq 0.000003

010110111101111011
lengthstr 18, count 2, freq 0.000001

0011101010
lengthstr 10, count 2, freq 0.000001

1001001010
lengthstr 10, count 4, freq 0.000003

110110101111
lengthstr 12, count 2, freq 0.000001

1111110
lengthstr 7, count 840, freq 0.000562

0101110111010
lengthstr 13, count 2, freq 0.000001

01010111110
lengthstr 11, count 2, freq 0.000001

011101111011
lengthstr 12, count 2, freq 0.000001

10001000011
lengthstr 11, count 2, freq 0.000001

100101010100000
lengthstr 15, count 2, freq 0.000001

01011000000
lengthstr 11, count 2, freq 0.000001

010010010100011
lengthstr 15, count 2, freq 0.000001

1111111111111111111
lengthstr 19, count 12, freq 0.000008

0011
lengthstr 4, count 4266, freq 0.002856

1111011110
lengthstr 10, count 2, freq 0.000001

00000010101
lengthstr 11, count 4, freq 0.000003

00100010100001
lengthstr 14, count 2, freq 0.000001

0101000000000
lengthstr 13, count 2, freq 0.000001

1110010000111000001
lengthstr 19, count 2, freq 0.000001

11111111111111111111
lengthstr 20, count 16, freq 0.000011

110001010
lengthstr 9, count 8, freq 0.000005

110111110101111101111
lengthstr 21, count 2, freq 0.000001

001011011101
lengthstr 12, count 2, freq 0.000001

101111001
lengthstr 9, count 2, freq 0.000001

0011011111101
lengthstr 13, count 4, freq 0.000003

0110010011101
lengthstr 13, count 2, freq 0.000001

10000100
lengthstr 8, count 6, freq 0.000004

1000110
lengthstr 7, count 10, freq 0.000007

0001010000100000000000010
lengthstr 25, count 2, freq 0.000001

001000011
lengthstr 9, count 10, freq 0.000007

0000100101000010100
lengthstr 19, count 2, freq 0.000001

10011101
lengthstr 8, count 4, freq 0.000003

1010000001
lengthstr 10, count 2, freq 0.000001

0100000000
lengthstr 10, count 38, freq 0.000025

110000
lengthstr 6, count 370, freq 0.000248

1001
lengthstr 4, count 2650, freq 0.001774

111010101
lengthstr 9, count 10, freq 0.000007

110111010111101101111011
lengthstr 24, count 2, freq 0.000001

1000101000001000100001010000010
lengthstr 31, count 2, freq 0.000001

0000000000000
lengthstr 13, count 130, freq 0.000087

00101001010
lengthstr 11, count 2, freq 0.000001

01100110011111111
lengthstr 17, count 2, freq 0.000001

00010000001
lengthstr 11, count 2, freq 0.000001

111011010110100
lengthstr 15, count 2, freq 0.000001

01111010101011
lengthstr 14, count 2, freq 0.000001

1101110
lengthstr 7, count 42, freq 0.000028

10100100
lengthstr 8, count 2, freq 0.000001

11101110101101
lengthstr 14, count 2, freq 0.000001

00111111011
lengthstr 11, count 2, freq 0.000001

1100011001111
lengthstr 13, count 2, freq 0.000001

01001000101001
lengthstr 14, count 2, freq 0.000001

01001100
lengthstr 8, count 4, freq 0.000003

001000100010100001
lengthstr 18, count 2, freq 0.000001

1100001001
lengthstr 10, count 4, freq 0.000003

00000000000001
lengthstr 14, count 60, freq 0.000040

1000110011
lengthstr 10, count 2, freq 0.000001

00111001
lengthstr 8, count 4, freq 0.000003

001001000100
lengthstr 12, count 4, freq 0.000003

11001001000000
lengthstr 14, count 2, freq 0.000001

101111111
lengthstr 9, count 122, freq 0.000082

01101011010
lengthstr 11, count 6, freq 0.000004

00000001010000
lengthstr 14, count 2, freq 0.000001

110111101011101101
lengthstr 18, count 2, freq 0.000001

0111111111111
lengthstr 13, count 74, freq 0.000050

000100010001010000100101
lengthstr 24, count 2, freq 0.000001

01010100000
lengthstr 11, count 2, freq 0.000001

1111111111111110
lengthstr 16, count 26, freq 0.000017

101111100001001
lengthstr 15, count 2, freq 0.000001

111111110001
lengthstr 12, count 2, freq 0.000001

00010011100
lengthstr 11, count 4, freq 0.000003

111111111111111110
lengthstr 18, count 32, freq 0.000021

001100111001
lengthstr 12, count 2, freq 0.000001

01101011110101
lengthstr 14, count 2, freq 0.000001

10010010010000001100
lengthstr 20, count 2, freq 0.000001

1111111111110
lengthstr 13, count 50, freq 0.000033

000000111
lengthstr 9, count 10, freq 0.000007

1101101110111
lengthstr 13, count 2, freq 0.000001

111100011000
lengthstr 12, count 2, freq 0.000001

1101111111011
lengthstr 13, count 2, freq 0.000001

110111111110000
lengthstr 15, count 2, freq 0.000001

0000101000010000000000001
lengthstr 25, count 2, freq 0.000001

10100100100101010001
lengthstr 20, count 2, freq 0.000001

0111010111
lengthstr 10, count 2, freq 0.000001

00110110110010
lengthstr 14, count 2, freq 0.000001

00110110111110
lengthstr 14, count 2, freq 0.000001

0111011110011011111101
lengthstr 22, count 2, freq 0.000001

01110110
lengthstr 8, count 8, freq 0.000005

001110101
lengthstr 9, count 8, freq 0.000005

1011011011
lengthstr 10, count 8, freq 0.000005

00011111
lengthstr 8, count 30, freq 0.000020

010010101
lengthstr 9, count 2, freq 0.000001

1101101101101
lengthstr 13, count 2, freq 0.000001

000000001
lengthstr 9, count 128, freq 0.000086

11011101
lengthstr 8, count 14, freq 0.000009

0000001010100
lengthstr 13, count 2, freq 0.000001

1110101110111110111110101
lengthstr 25, count 2, freq 0.000001

100111100100
lengthstr 12, count 2, freq 0.000001

00000
lengthstr 5, count 5426, freq 0.003632

101011110101111101011101
lengthstr 24, count 2, freq 0.000001

0010011001000011100111110
lengthstr 25, count 2, freq 0.000001

0101111111010
lengthstr 13, count 2, freq 0.000001

011111101110
lengthstr 12, count 2, freq 0.000001

010101111
lengthstr 9, count 2, freq 0.000001

101001000100
lengthstr 12, count 4, freq 0.000003

00111111111111111111111111
lengthstr 26, count 2, freq 0.000001

111001100111001110010000
lengthstr 24, count 2, freq 0.000001

111111111111111100
lengthstr 18, count 4, freq 0.000003

1010001000010
lengthstr 13, count 2, freq 0.000001

00101011
lengthstr 8, count 18, freq 0.000012

110010100001000100
lengthstr 18, count 4, freq 0.000003

1100011
lengthstr 7, count 20, freq 0.000013

011100011000
lengthstr 12, count 2, freq 0.000001

101100110011110001101110
lengthstr 24, count 2, freq 0.000001

0100000010
lengthstr 10, count 2, freq 0.000001

10111101110110101111111
lengthstr 23, count 4, freq 0.000003

110111111110111011110111101
lengthstr 27, count 2, freq 0.000001

000100001001001010000
lengthstr 21, count 2, freq 0.000001

11100001111
lengthstr 11, count 4, freq 0.000003

1000100001
lengthstr 10, count 2, freq 0.000001

100100010100001001000011
lengthstr 24, count 2, freq 0.000001

01101
lengthstr 5, count 194, freq 0.000130

10010000101001
lengthstr 14, count 2, freq 0.000001

1000100010011
lengthstr 13, count 2, freq 0.000001

1111111111
lengthstr 10, count 294, freq 0.000197

101100100
lengthstr 9, count 2, freq 0.000001

1001010100
lengthstr 10, count 2, freq 0.000001

00110000001001
lengthstr 14, count 2, freq 0.000001

00000000000000000000000001
lengthstr 26, count 8, freq 0.000005

11111101010
lengthstr 11, count 2, freq 0.000001

010100001010000010100010
lengthstr 24, count 2, freq 0.000001

1110000111001111111111101
lengthstr 25, count 2, freq 0.000001

11101111011
lengthstr 11, count 2, freq 0.000001

110011100001100101
lengthstr 18, count 2, freq 0.000001

0010100010100
lengthstr 13, count 2, freq 0.000001

1010100000000
lengthstr 13, count 2, freq 0.000001

10001111110
lengthstr 11, count 2, freq 0.000001

0101010101011
lengthstr 13, count 10, freq 0.000007

111011011110011
lengthstr 15, count 2, freq 0.000001

0000101000100000100000100
lengthstr 25, count 2, freq 0.000001

00011000011000001101100010
lengthstr 26, count 2, freq 0.000001

010010000001001000010000100
lengthstr 27, count 2, freq 0.000001

000000000000000000000000000
lengthstr 27, count 6, freq 0.000004

1011100
lengthstr 7, count 40, freq 0.000027

00000110
lengthstr 8, count 2, freq 0.000001

0101111101110101111011
lengthstr 22, count 2, freq 0.000001

010101
lengthstr 6, count 376, freq 0.000252

110110101111111101
lengthstr 18, count 2, freq 0.000001

10111100
lengthstr 8, count 22, freq 0.000015

010011001100001110010000
lengthstr 24, count 2, freq 0.000001

0111110101
lengthstr 10, count 4, freq 0.000003

1010101101011011
lengthstr 16, count 2, freq 0.000001

11010101111101
lengthstr 14, count 2, freq 0.000001

101010001010100
lengthstr 15, count 2, freq 0.000001

0110011
lengthstr 7, count 6, freq 0.000004

1110011011
lengthstr 10, count 4, freq 0.000003

001110110
lengthstr 9, count 2, freq 0.000001

000010000
lengthstr 9, count 10, freq 0.000007

10010010
lengthstr 8, count 4, freq 0.000003

000011100001111000011000
lengthstr 24, count 2, freq 0.000001

111111111100
lengthstr 12, count 10, freq 0.000007

0100100
lengthstr 7, count 34, freq 0.000023

10000100010
lengthstr 11, count 4, freq 0.000003

10100110000001
lengthstr 14, count 2, freq 0.000001

111001100111001110010001
lengthstr 24, count 2, freq 0.000001

0010001010100
lengthstr 13, count 2, freq 0.000001

110101010000
lengthstr 12, count 2, freq 0.000001

1111101101
lengthstr 10, count 4, freq 0.000003

101101111101101010
lengthstr 18, count 2, freq 0.000001

0011010111
lengthstr 10, count 2, freq 0.000001

010111111011
lengthstr 12, count 2, freq 0.000001

11000010
lengthstr 8, count 6, freq 0.000004

11101111010111011011
lengthstr 20, count 2, freq 0.000001

000011111
lengthstr 9, count 6, freq 0.000004

010101111101110101111011
lengthstr 24, count 2, freq 0.000001

11110110000
lengthstr 11, count 2, freq 0.000001

011111011010
lengthstr 12, count 2, freq 0.000001

0101010100000
lengthstr 13, count 6, freq 0.000004

101011111010111110111
lengthstr 21, count 2, freq 0.000001

101000001
lengthstr 9, count 12, freq 0.000008

00010101
lengthstr 8, count 32, freq 0.000021

01111100001111
lengthstr 14, count 2, freq 0.000001

000001001
lengthstr 9, count 4, freq 0.000003

1000000100010
lengthstr 13, count 2, freq 0.000001

10101010000
lengthstr 11, count 2, freq 0.000001

1010000000001
lengthstr 13, count 2, freq 0.000001

001010001010
lengthstr 12, count 4, freq 0.000003

00001111111
lengthstr 11, count 6, freq 0.000004

00100100000100100001000010
lengthstr 26, count 2, freq 0.000001

11110000000
lengthstr 11, count 6, freq 0.000004

01010111
lengthstr 8, count 8, freq 0.000005

00001000001000000100100001
lengthstr 26, count 2, freq 0.000001

01110110000
lengthstr 11, count 2, freq 0.000001

10001000001000000100100001
lengthstr 26, count 2, freq 0.000001

000010010100100
lengthstr 15, count 2, freq 0.000001

00100010100
lengthstr 11, count 4, freq 0.000003

00011110011000011000011100000000
lengthstr 32, count 2, freq 0.000001

000000101
lengthstr 9, count 8, freq 0.000005

1010010000001001000010000101
lengthstr 28, count 2, freq 0.000001

0001111111
lengthstr 10, count 14, freq 0.000009

100010010101010100
lengthstr 18, count 2, freq 0.000001

101111101101
lengthstr 12, count 4, freq 0.000003

00001010100100000
lengthstr 17, count 2, freq 0.000001

1011101110111
lengthstr 13, count 2, freq 0.000001

001111111111
lengthstr 12, count 18, freq 0.000012

00011000011011
lengthstr 14, count 2, freq 0.000001

111111111110
lengthstr 12, count 58, freq 0.000039

1011101010111111
lengthstr 16, count 2, freq 0.000001

00111101010101
lengthstr 14, count 2, freq 0.000001

11010101010101
lengthstr 14, count 12, freq 0.000008

01110101011
lengthstr 11, count 2, freq 0.000001

0100010001001010001001
lengthstr 22, count 2, freq 0.000001

1010001010100
lengthstr 13, count 4, freq 0.000003

1000100010
lengthstr 10, count 2, freq 0.000001

101010101010
lengthstr 12, count 24, freq 0.000016

1100010001
lengthstr 10, count 2, freq 0.000001

00111011
lengthstr 8, count 4, freq 0.000003

10100010100
lengthstr 11, count 4, freq 0.000003

111100001
lengthstr 9, count 6, freq 0.000004

01000000001
lengthstr 11, count 6, freq 0.000004

111011110101110111
lengthstr 18, count 2, freq 0.000001

1100010101000000
lengthstr 16, count 2, freq 0.000001

1011001111110
lengthstr 13, count 2, freq 0.000001

10111001
lengthstr 8, count 4, freq 0.000003

1111011000
lengthstr 10, count 2, freq 0.000001

00101010101
lengthstr 11, count 18, freq 0.000012

1101111000
lengthstr 10, count 2, freq 0.000001

11010101
lengthstr 8, count 182, freq 0.000122

1011111011011
lengthstr 13, count 2, freq 0.000001

11111111101
lengthstr 11, count 18, freq 0.000012

001101
lengthstr 6, count 52, freq 0.000035

001000010001001010000000
lengthstr 24, count 2, freq 0.000001

011011011
lengthstr 9, count 8, freq 0.000005

10100111111
lengthstr 11, count 2, freq 0.000001

00011110001
lengthstr 11, count 4, freq 0.000003

00001111
lengthstr 8, count 18, freq 0.000012

00101111010101
lengthstr 14, count 2, freq 0.000001

11001001001101
lengthstr 14, count 2, freq 0.000001

11110101111010
lengthstr 14, count 2, freq 0.000001

10000000001010
lengthstr 14, count 2, freq 0.000001

111111011011111010111
lengthstr 21, count 2, freq 0.000001

10111010111110
lengthstr 14, count 2, freq 0.000001

0000000000000000000000000000011
lengthstr 31, count 2, freq 0.000001

010101000101
lengthstr 12, count 6, freq 0.000004

110000000000000000000
lengthstr 21, count 2, freq 0.000001

10000111111
lengthstr 11, count 2, freq 0.000001

1101110111011
lengthstr 13, count 2, freq 0.000001

1111111111111101
lengthstr 16, count 4, freq 0.000003

100111100101
lengthstr 12, count 2, freq 0.000001

00001
lengthstr 5, count 3100, freq 0.002075

010111101011111010111010
lengthstr 24, count 2, freq 0.000001

11010101111011
lengthstr 14, count 2, freq 0.000001

00011111110
lengthstr 11, count 2, freq 0.000001

1101101111011010111
lengthstr 19, count 2, freq 0.000001

00010000010000001
lengthstr 17, count 2, freq 0.000001

0010000010100
lengthstr 13, count 2, freq 0.000001

10101111
lengthstr 8, count 4, freq 0.000003

0111000000001
lengthstr 13, count 2, freq 0.000001

01011011111
lengthstr 11, count 6, freq 0.000004

0100000000000000000000
lengthstr 22, count 4, freq 0.000003

01010101011
lengthstr 11, count 6, freq 0.000004

000100001001001010001
lengthstr 21, count 2, freq 0.000001

0010011111001
lengthstr 13, count 2, freq 0.000001

100000110000
lengthstr 12, count 2, freq 0.000001

010101111111011
lengthstr 15, count 2, freq 0.000001

10100000
lengthstr 8, count 24, freq 0.000016

101110111011
lengthstr 12, count 4, freq 0.000003

0010010000001
lengthstr 13, count 2, freq 0.000001

1110000100111100
lengthstr 16, count 2, freq 0.000001

1010111111
lengthstr 10, count 2, freq 0.000001

110011110110
lengthstr 12, count 2, freq 0.000001

11011111011011
lengthstr 14, count 2, freq 0.000001

01011001111110
lengthstr 14, count 2, freq 0.000001

00011100001100101
lengthstr 17, count 2, freq 0.000001

0010010011
lengthstr 10, count 2, freq 0.000001

0100010100001
lengthstr 13, count 2, freq 0.000001

1000101011
lengthstr 10, count 2, freq 0.000001

000100001
lengthstr 9, count 4, freq 0.000003

1111111111111111111111101
lengthstr 25, count 2, freq 0.000001

00001010100100
lengthstr 14, count 2, freq 0.000001

010101111010111110101110
lengthstr 24, count 2, freq 0.000001

011011001110
lengthstr 12, count 2, freq 0.000001

0011101110
lengthstr 10, count 2, freq 0.000001

0000100100001
lengthstr 13, count 2, freq 0.000001

111011001110
lengthstr 12, count 2, freq 0.000001

0001000100101000
lengthstr 16, count 2, freq 0.000001

00010000101001
lengthstr 14, count 4, freq 0.000003

001000001000
lengthstr 12, count 2, freq 0.000001

00111101
lengthstr 8, count 6, freq 0.000004

1011011110110101101
lengthstr 19, count 2, freq 0.000001

101101111000000010
lengthstr 18, count 2, freq 0.000001

00010010001011
lengthstr 14, count 2, freq 0.000001

110101010111
lengthstr 12, count 2, freq 0.000001

11011000001
lengthstr 11, count 2, freq 0.000001

011101011011
lengthstr 12, count 4, freq 0.000003

0001000001010001000100
lengthstr 22, count 2, freq 0.000001

001011101110
lengthstr 12, count 2, freq 0.000001

0010111111111
lengthstr 13, count 2, freq 0.000001

00011100111100
lengthstr 14, count 2, freq 0.000001

1101010100
lengthstr 10, count 4, freq 0.000003

101010001010
lengthstr 12, count 6, freq 0.000004

10111101011101101
lengthstr 17, count 4, freq 0.000003

11011101010110
lengthstr 14, count 2, freq 0.000001

110111011
lengthstr 9, count 8, freq 0.000005

11111111110101
lengthstr 14, count 2, freq 0.000001

011111101011011
lengthstr 15, count 2, freq 0.000001

1000101010100
lengthstr 13, count 2, freq 0.000001

01100110011111110
lengthstr 17, count 2, freq 0.000001

000100101010101010
lengthstr 18, count 4, freq 0.000003

11001111110110
lengthstr 14, count 2, freq 0.000001

11000110
lengthstr 8, count 4, freq 0.000003

00000100
lengthstr 8, count 16, freq 0.000011

0101110111101110101110
lengthstr 22, count 2, freq 0.000001

1011001111
lengthstr 10, count 2, freq 0.000001

000100110000
lengthstr 12, count 2, freq 0.000001

001000000000000
lengthstr 15, count 2, freq 0.000001

10111111110000
lengthstr 14, count 2, freq 0.000001

001111011
lengthstr 9, count 4, freq 0.000003

10111101111
lengthstr 11, count 2, freq 0.000001

10010010010101000101
lengthstr 20, count 2, freq 0.000001

1101100000110
lengthstr 13, count 2, freq 0.000001

00101000010010
lengthstr 14, count 2, freq 0.000001

10010000000
lengthstr 11, count 4, freq 0.000003

010110110101110
lengthstr 15, count 2, freq 0.000001

1111010111101111111111110
lengthstr 25, count 2, freq 0.000001

1001000000101
lengthstr 13, count 2, freq 0.000001

01010101010100
lengthstr 14, count 4, freq 0.000003

0110110000011011000110001110
lengthstr 28, count 2, freq 0.000001

110011001111001101111000
lengthstr 24, count 2, freq 0.000001

10000101010010
lengthstr 14, count 2, freq 0.000001

00100001010011
lengthstr 14, count 2, freq 0.000001

000100001000010001
lengthstr 18, count 2, freq 0.000001

11100100110000
lengthstr 14, count 2, freq 0.000001

101101111000000011
lengthstr 18, count 2, freq 0.000001

10010011
lengthstr 8, count 2, freq 0.000001

010000001
lengthstr 9, count 8, freq 0.000005

010010001011
lengthstr 12, count 4, freq 0.000003

01101111101011
lengthstr 14, count 2, freq 0.000001

001111001001111000011
lengthstr 21, count 2, freq 0.000001

110111111010101
lengthstr 15, count 2, freq 0.000001

001011011
lengthstr 9, count 6, freq 0.000004

00110001111011
lengthstr 14, count 2, freq 0.000001

00010001010010
lengthstr 14, count 2, freq 0.000001

01100111100111110010011101
lengthstr 26, count 2, freq 0.000001

0000100111
lengthstr 10, count 2, freq 0.000001

01111010111011011
lengthstr 17, count 2, freq 0.000001

10111011011101110
lengthstr 17, count 2, freq 0.000001

101000000
lengthstr 9, count 16, freq 0.000011

11011111111
lengthstr 11, count 4, freq 0.000003

110111101
lengthstr 9, count 8, freq 0.000005

0100100100100
lengthstr 13, count 2, freq 0.000001

010001001
lengthstr 9, count 6, freq 0.000004

10101111010101
lengthstr 14, count 2, freq 0.000001

001111100111110000
lengthstr 18, count 2, freq 0.000001

111010100
lengthstr 9, count 8, freq 0.000005

0001010010000010
lengthstr 16, count 2, freq 0.000001

0110011110001
lengthstr 13, count 2, freq 0.000001

1101111111
lengthstr 10, count 8, freq 0.000005

101111111111111
lengthstr 15, count 4, freq 0.000003

000101000010100
lengthstr 15, count 2, freq 0.000001

1000010101000
lengthstr 13, count 2, freq 0.000001

111011101111011110110101
lengthstr 24, count 2, freq 0.000001

1010000111
lengthstr 10, count 2, freq 0.000001

00100001010101
lengthstr 14, count 2, freq 0.000001

1011111111111111111111111
lengthstr 25, count 2, freq 0.000001

1010001000010001010001
lengthstr 22, count 2, freq 0.000001

0010010000001001000010000101
lengthstr 28, count 2, freq 0.000001

10001010011
lengthstr 11, count 2, freq 0.000001

10001010100101
lengthstr 14, count 2, freq 0.000001

111000001
lengthstr 9, count 6, freq 0.000004

100000101
lengthstr 9, count 8, freq 0.000005

0010111011
lengthstr 10, count 2, freq 0.000001

11010001001001
lengthstr 14, count 2, freq 0.000001

110011010
lengthstr 9, count 4, freq 0.000003

101111011010
lengthstr 12, count 2, freq 0.000001

0100100001001010010
lengthstr 19, count 2, freq 0.000001

0010010
lengthstr 7, count 50, freq 0.000033

0010010001001010000100000
lengthstr 25, count 2, freq 0.000001

101000000001111
lengthstr 15, count 2, freq 0.000001

11001111110111
lengthstr 14, count 2, freq 0.000001

11110110111011101
lengthstr 17, count 2, freq 0.000001

0011000111110
lengthstr 13, count 2, freq 0.000001

1111011111111010
lengthstr 16, count 2, freq 0.000001

01001000000010101
lengthstr 17, count 2, freq 0.000001

1110000100111101
lengthstr 16, count 2, freq 0.000001

111011101111011110110100
lengthstr 24, count 2, freq 0.000001

0001010101
lengthstr 10, count 6, freq 0.000004

11101100
lengthstr 8, count 10, freq 0.000007

0110111111010
lengthstr 13, count 2, freq 0.000001

001000010100010010
lengthstr 18, count 2, freq 0.000001

1110000110011110011110000
lengthstr 25, count 2, freq 0.000001

0010001
lengthstr 7, count 46, freq 0.000031

01110001111111
lengthstr 14, count 2, freq 0.000001

001001000101
lengthstr 12, count 2, freq 0.000001

100001000100
lengthstr 12, count 2, freq 0.000001

0101011011110111110101
lengthstr 22, count 2, freq 0.000001

111010
lengthstr 6, count 152, freq 0.000102

1111011010111101011
lengthstr 19, count 2, freq 0.000001

0010100010
lengthstr 10, count 2, freq 0.000001

1110011110001
lengthstr 13, count 2, freq 0.000001

100011100110
lengthstr 12, count 2, freq 0.000001

100101
lengthstr 6, count 68, freq 0.000046

1000
lengthstr 4, count 9286, freq 0.006216

1101111101
lengthstr 10, count 6, freq 0.000004

00101110101111
lengthstr 14, count 2, freq 0.000001

101101101011101
lengthstr 15, count 2, freq 0.000001

111011111101110
lengthstr 15, count 2, freq 0.000001

101010100001001
lengthstr 15, count 2, freq 0.000001

1100110000001
lengthstr 13, count 2, freq 0.000001

000110111111111110
lengthstr 18, count 2, freq 0.000001

1010110101110110101011
lengthstr 22, count 2, freq 0.000001

0011000011
lengthstr 10, count 6, freq 0.000004

11011101011110
lengthstr 14, count 2, freq 0.000001

0100100100101
lengthstr 13, count 2, freq 0.000001

0000110000000
lengthstr 13, count 2, freq 0.000001

01011000000111111
lengthstr 17, count 2, freq 0.000001

10010000010100
lengthstr 14, count 2, freq 0.000001

0001010001000001000001010
lengthstr 25, count 2, freq 0.000001

10101011111
lengthstr 11, count 2, freq 0.000001

101110111010111101101010
lengthstr 24, count 2, freq 0.000001

1111111100001
lengthstr 13, count 2, freq 0.000001

11111111111111111101
lengthstr 20, count 2, freq 0.000001

010000010011
lengthstr 12, count 4, freq 0.000003

11110111110111
lengthstr 14, count 2, freq 0.000001

1010001000100
lengthstr 13, count 2, freq 0.000001

01111110100
lengthstr 11, count 2, freq 0.000001

11101101011110101010
lengthstr 20, count 2, freq 0.000001

11010111101110
lengthstr 14, count 2, freq 0.000001

010110111
lengthstr 9, count 12, freq 0.000008

1010001000101
lengthstr 13, count 2, freq 0.000001

11100011000010
lengthstr 14, count 2, freq 0.000001

1010101000001
lengthstr 13, count 2, freq 0.000001

010110111110110101
lengthstr 18, count 2, freq 0.000001

1001000101
lengthstr 10, count 2, freq 0.000001

011011001111
lengthstr 12, count 2, freq 0.000001

111101101011011
lengthstr 15, count 2, freq 0.000001

0111011101100
lengthstr 13, count 2, freq 0.000001

00100110000100
lengthstr 14, count 2, freq 0.000001

11101101
lengthstr 8, count 12, freq 0.000008

1001000001
lengthstr 10, count 2, freq 0.000001

00101000101
lengthstr 11, count 2, freq 0.000001

11011110110
lengthstr 11, count 2, freq 0.000001

10101110
lengthstr 8, count 6, freq 0.000004

01010001010000
lengthstr 14, count 2, freq 0.000001

01000010
lengthstr 8, count 12, freq 0.000008

10111100000
lengthstr 11, count 2, freq 0.000001

0000000000001
lengthstr 13, count 50, freq 0.000033

1100011011
lengthstr 10, count 4, freq 0.000003

001000001010000010000
lengthstr 21, count 2, freq 0.000001

0100011001111
lengthstr 13, count 2, freq 0.000001

01001010
lengthstr 8, count 6, freq 0.000004

100010001
lengthstr 9, count 2, freq 0.000001

10110111111101010
lengthstr 17, count 2, freq 0.000001

0101100110111100
lengthstr 16, count 2, freq 0.000001

010100100100
lengthstr 12, count 2, freq 0.000001

00101101111
lengthstr 11, count 6, freq 0.000004

100011100
lengthstr 9, count 2, freq 0.000001

101110111
lengthstr 9, count 6, freq 0.000004

11011110101010
lengthstr 14, count 2, freq 0.000001

100011111
lengthstr 9, count 4, freq 0.000003

0111010
lengthstr 7, count 38, freq 0.000025

001001000
lengthstr 9, count 6, freq 0.000004

0100010100
lengthstr 10, count 10, freq 0.000007

01011000001
lengthstr 11, count 2, freq 0.000001

0000000000111
lengthstr 13, count 2, freq 0.000001

0001001010000101011
lengthstr 19, count 2, freq 0.000001

11011110101110111
lengthstr 17, count 2, freq 0.000001

1101101111110110111101111011
lengthstr 28, count 2, freq 0.000001

00001000101
lengthstr 11, count 4, freq 0.000003

110111111
lengthstr 9, count 4, freq 0.000003

111111101111
lengthstr 12, count 2, freq 0.000001

11100000000
lengthstr 11, count 4, freq 0.000003

011101110111110100
lengthstr 18, count 2, freq 0.000001

10111010111
lengthstr 11, count 2, freq 0.000001

01000000101
lengthstr 11, count 2, freq 0.000001

100000100
lengthstr 9, count 6, freq 0.000004

10000011110000
lengthstr 14, count 2, freq 0.000001

0111111110101
lengthstr 13, count 2, freq 0.000001

0010000
lengthstr 7, count 50, freq 0.000033

1010010001001010000100000
lengthstr 25, count 2, freq 0.000001

0001100000000
lengthstr 13, count 2, freq 0.000001

1101010
lengthstr 7, count 142, freq 0.000095

00110111010101
lengthstr 14, count 2, freq 0.000001

00000000000000011
lengthstr 17, count 8, freq 0.000005

0100001101
lengthstr 10, count 2, freq 0.000001

11110111110111111011011111
lengthstr 26, count 2, freq 0.000001

10111101111100
lengthstr 14, count 2, freq 0.000001

1111011111111011
lengthstr 16, count 2, freq 0.000001

010101110101
lengthstr 12, count 4, freq 0.000003

00000100000
lengthstr 11, count 4, freq 0.000003

001010000100000
lengthstr 15, count 2, freq 0.000001

010011001100001110010001
lengthstr 24, count 2, freq 0.000001

000001010
lengthstr 9, count 2, freq 0.000001

10111101010111
lengthstr 14, count 2, freq 0.000001

10000000000000000000000000
lengthstr 26, count 2, freq 0.000001

10101000101
lengthstr 11, count 2, freq 0.000001

110011001100001110010000
lengthstr 24, count 2, freq 0.000001

0000100000
lengthstr 10, count 2, freq 0.000001

000100
lengthstr 6, count 146, freq 0.000098

00100100001
lengthstr 11, count 6, freq 0.000004

1111111111111111101
lengthstr 19, count 4, freq 0.000003

0101011
lengthstr 7, count 106, freq 0.000071

00010010
lengthstr 8, count 12, freq 0.000008

1000100000
lengthstr 10, count 2, freq 0.000001

1111011101
lengthstr 10, count 2, freq 0.000001

000010000001
lengthstr 12, count 2, freq 0.000001

10010100000
lengthstr 11, count 2, freq 0.000001

1101010100000
lengthstr 13, count 6, freq 0.000004

11110110001
lengthstr 11, count 4, freq 0.000003

0101101011
lengthstr 10, count 10, freq 0.000007

1111000011001111000111
lengthstr 22, count 2, freq 0.000001

1101101101
lengthstr 10, count 4, freq 0.000003

0011110110
lengthstr 10, count 4, freq 0.000003

0101010111
lengthstr 10, count 2, freq 0.000001

00001010100101
lengthstr 14, count 2, freq 0.000001

101010
lengthstr 6, count 352, freq 0.000236

0000111111001
lengthstr 13, count 2, freq 0.000001

1100100010010100
lengthstr 16, count 2, freq 0.000001

110011100001100100
lengthstr 18, count 2, freq 0.000001

1100000000000000000000
lengthstr 22, count 4, freq 0.000003

0011010101
lengthstr 10, count 4, freq 0.000003

001100101
lengthstr 9, count 4, freq 0.000003

10101010100
lengthstr 11, count 12, freq 0.000008

011111101011
lengthstr 12, count 2, freq 0.000001

10101101111
lengthstr 11, count 6, freq 0.000004

1011010111
lengthstr 10, count 2, freq 0.000001

0010011111
lengthstr 10, count 2, freq 0.000001

1100111110
lengthstr 10, count 2, freq 0.000001

001001110011100110
lengthstr 18, count 2, freq 0.000001

10001110000000
lengthstr 14, count 2, freq 0.000001

0101101101
lengthstr 10, count 4, freq 0.000003

000101010
lengthstr 9, count 10, freq 0.000007

0001000001000
lengthstr 13, count 2, freq 0.000001

1001010001
lengthstr 10, count 2, freq 0.000001

11110110111
lengthstr 11, count 2, freq 0.000001

1010111
lengthstr 7, count 22, freq 0.000015

11100100101
lengthstr 11, count 2, freq 0.000001

00100010001010100
lengthstr 17, count 2, freq 0.000001

0000101
lengthstr 7, count 50, freq 0.000033

011100110001
lengthstr 12, count 2, freq 0.000001

0001000100
lengthstr 10, count 2, freq 0.000001

10000001001
lengthstr 11, count 2, freq 0.000001

0010110101110110101011
lengthstr 22, count 2, freq 0.000001

00000000000000000001
lengthstr 20, count 20, freq 0.000013

111011101111111101110100
lengthstr 24, count 2, freq 0.000001

001001111111101
lengthstr 15, count 2, freq 0.000001

000010000010100
lengthstr 15, count 2, freq 0.000001

0000010010
lengthstr 10, count 4, freq 0.000003

00011001110
lengthstr 11, count 2, freq 0.000001

100111101110
lengthstr 12, count 2, freq 0.000001

11111100001111
lengthstr 14, count 2, freq 0.000001

11000000000000
lengthstr 14, count 20, freq 0.000013

11110011110
lengthstr 11, count 4, freq 0.000003

1111101110101
lengthstr 13, count 2, freq 0.000001

0000000011
lengthstr 10, count 16, freq 0.000011

0111000000111
lengthstr 13, count 2, freq 0.000001

111111111111111111
lengthstr 18, count 52, freq 0.000035

11101010100
lengthstr 11, count 6, freq 0.000004

00010001011
lengthstr 11, count 2, freq 0.000001

110000000000000000
lengthstr 18, count 4, freq 0.000003

000111101
lengthstr 9, count 6, freq 0.000004

110111110110111110101
lengthstr 21, count 2, freq 0.000001

111010110
lengthstr 9, count 8, freq 0.000005

00100011
lengthstr 8, count 10, freq 0.000007

1001000000010101
lengthstr 16, count 2, freq 0.000001

1101011011101
lengthstr 13, count 2, freq 0.000001

010110110101111
lengthstr 15, count 2, freq 0.000001

011101111110
lengthstr 12, count 2, freq 0.000001

010110101
lengthstr 9, count 10, freq 0.000007

100110011000000011001110
lengthstr 24, count 2, freq 0.000001

0100100001001010011
lengthstr 19, count 2, freq 0.000001

001011110101111101011101
lengthstr 24, count 2, freq 0.000001

10010010010101000100
lengthstr 20, count 2, freq 0.000001

1001001001001
lengthstr 13, count 2, freq 0.000001

10000010101
lengthstr 11, count 2, freq 0.000001

010111
lengthstr 6, count 88, freq 0.000059

101111110101101
lengthstr 15, count 2, freq 0.000001

0011000000
lengthstr 10, count 2, freq 0.000001

011101101
lengthstr 9, count 8, freq 0.000005

11011000000
lengthstr 11, count 2, freq 0.000001

0011100001
lengthstr 10, count 2, freq 0.000001

001110111010111011010111
lengthstr 24, count 4, freq 0.000003

01000111111110
lengthstr 14, count 2, freq 0.000001

0010110111011
lengthstr 13, count 2, freq 0.000001

101010101010101010
lengthstr 18, count 8, freq 0.000005

11011111111101
lengthstr 14, count 2, freq 0.000001

011000010000
lengthstr 12, count 2, freq 0.000001

101001010
lengthstr 9, count 8, freq 0.000005

010101010101
lengthstr 12, count 24, freq 0.000016

101001000
lengthstr 9, count 6, freq 0.000004

110111101110
lengthstr 12, count 2, freq 0.000001

10100010
lengthstr 8, count 10, freq 0.000007

0101011010111011010101
lengthstr 22, count 2, freq 0.000001

0010111110
lengthstr 10, count 2, freq 0.000001

110110101111011101111
lengthstr 21, count 2, freq 0.000001

001100110000110010000111
lengthstr 24, count 2, freq 0.000001

0111001
lengthstr 7, count 10, freq 0.000007

001001111111100
lengthstr 15, count 2, freq 0.000001

0010110
lengthstr 7, count 6, freq 0.000004

11011111110
lengthstr 11, count 2, freq 0.000001

110110101
lengthstr 9, count 14, freq 0.000009

00111
lengthstr 5, count 826, freq 0.000553

01111110110
lengthstr 11, count 2, freq 0.000001

0000100
lengthstr 7, count 56, freq 0.000037

0010010000100101000
lengthstr 19, count 2, freq 0.000001

0000000100
lengthstr 10, count 6, freq 0.000004

110000011000001111
lengthstr 18, count 2, freq 0.000001

010000
lengthstr 6, count 352, freq 0.000236

010101011
lengthstr 9, count 16, freq 0.000011

0100010100010
lengthstr 13, count 2, freq 0.000001

01111111110
lengthstr 11, count 2, freq 0.000001

00011011001110
lengthstr 14, count 2, freq 0.000001

001000100010100010010100000
lengthstr 27, count 2, freq 0.000001

0001101
lengthstr 7, count 16, freq 0.000011

1111000000111
lengthstr 13, count 2, freq 0.000001

1110111011
lengthstr 10, count 6, freq 0.000004

11001001001100
lengthstr 14, count 2, freq 0.000001

0100000101010
lengthstr 13, count 2, freq 0.000001

111111000
lengthstr 9, count 12, freq 0.000008

00011011001111
lengthstr 14, count 2, freq 0.000001

0100010101
lengthstr 10, count 6, freq 0.000004

00000100010
lengthstr 11, count 2, freq 0.000001

000010011001
lengthstr 12, count 2, freq 0.000001

00000000000000000000000000000000
lengthstr 32, count 4, freq 0.000003

10001000001000000100100000
lengthstr 26, count 2, freq 0.000001

0010000000101
lengthstr 13, count 2, freq 0.000001

001011101111
lengthstr 12, count 4, freq 0.000003

1100110001
lengthstr 10, count 2, freq 0.000001

11011000111100
lengthstr 14, count 2, freq 0.000001

0011000011110011001110000111100
lengthstr 31, count 2, freq 0.000001

111110001
lengthstr 9, count 2, freq 0.000001

01000011110
lengthstr 11, count 2, freq 0.000001

0010001000010
lengthstr 13, count 2, freq 0.000001

0111100000
lengthstr 10, count 2, freq 0.000001

111010111101110110
lengthstr 18, count 2, freq 0.000001

000110011000110001101111
lengthstr 24, count 2, freq 0.000001

11011000111101
lengthstr 14, count 2, freq 0.000001

0110111111101010
lengthstr 16, count 2, freq 0.000001

0011011011
lengthstr 10, count 4, freq 0.000003

0000100000101
lengthstr 13, count 2, freq 0.000001

110110111
lengthstr 9, count 12, freq 0.000008

1110111111110101
lengthstr 16, count 2, freq 0.000001

000011100111
lengthstr 12, count 2, freq 0.000001

0100010100100
lengthstr 13, count 2, freq 0.000001

01001000101010
lengthstr 14, count 2, freq 0.000001

011111101111110100
lengthstr 18, count 2, freq 0.000001

1011101011101
lengthstr 13, count 2, freq 0.000001

011001100111111100110001
lengthstr 24, count 2, freq 0.000001

01001001
lengthstr 8, count 4, freq 0.000003

01011111011101011101011110101010
lengthstr 32, count 2, freq 0.000001

00001001000
lengthstr 11, count 2, freq 0.000001

1011001
lengthstr 7, count 4, freq 0.000003

001000001
lengthstr 9, count 6, freq 0.000004

01101111
lengthstr 8, count 16, freq 0.000011

001000100010100000
lengthstr 18, count 2, freq 0.000001

010000001011
lengthstr 12, count 2, freq 0.000001

01010001001001
lengthstr 14, count 2, freq 0.000001

11010110
lengthstr 8, count 4, freq 0.000003

11011111011010
lengthstr 14, count 2, freq 0.000001

00001001111
lengthstr 11, count 2, freq 0.000001

11111010101011
lengthstr 14, count 4, freq 0.000003

00100000000
lengthstr 11, count 6, freq 0.000004

0111011011111
lengthstr 13, count 2, freq 0.000001

0011011101101011110111111
lengthstr 25, count 2, freq 0.000001

00100101001
lengthstr 11, count 4, freq 0.000003

0000000000000000000000000011
lengthstr 28, count 2, freq 0.000001

11000011101
lengthstr 11, count 2, freq 0.000001

0100000
lengthstr 7, count 214, freq 0.000143

0000000
lengthstr 7, count 1618, freq 0.001083

010010000111111101
lengthstr 18, count 2, freq 0.000001

01010101010101011
lengthstr 17, count 6, freq 0.000004

100000011
lengthstr 9, count 6, freq 0.000004

1001101100011
lengthstr 13, count 2, freq 0.000001

000101001
lengthstr 9, count 8, freq 0.000005

110110000110111111
lengthstr 18, count 2, freq 0.000001

00101011110111
lengthstr 14, count 4, freq 0.000003

1011011111101
lengthstr 13, count 4, freq 0.000003

1100000000
lengthstr 10, count 40, freq 0.000027

101010001011
lengthstr 12, count 2, freq 0.000001

111011110
lengthstr 9, count 4, freq 0.000003

11111
lengthstr 5, count 5506, freq 0.003686

111110000
lengthstr 9, count 10, freq 0.000007

0010000111
lengthstr 10, count 2, freq 0.000001

00010010011
lengthstr 11, count 2, freq 0.000001

010010010100010
lengthstr 15, count 2, freq 0.000001

100011001
lengthstr 9, count 4, freq 0.000003

0010000010
lengthstr 10, count 8, freq 0.000005

001101010101111
lengthstr 15, count 2, freq 0.000001

0101110101010
lengthstr 13, count 4, freq 0.000003

10101110101
lengthstr 11, count 12, freq 0.000008

001010000
lengthstr 9, count 8, freq 0.000005

00110000101
lengthstr 11, count 2, freq 0.000001

111001000000000000
lengthstr 18, count 2, freq 0.000001

1010010000
lengthstr 10, count 4, freq 0.000003

1000101001000
lengthstr 13, count 2, freq 0.000001

110110111101111011
lengthstr 18, count 2, freq 0.000001

11111111111111111111111111
lengthstr 26, count 12, freq 0.000008

01110111100
lengthstr 11, count 2, freq 0.000001

010110101111
lengthstr 12, count 2, freq 0.000001

101000001000
lengthstr 12, count 2, freq 0.000001

010000000000000
lengthstr 15, count 6, freq 0.000004

11111100001
lengthstr 11, count 2, freq 0.000001

1010011
lengthstr 7, count 4, freq 0.000003

0000000100000100000010010000100
lengthstr 31, count 2, freq 0.000001

10111011101010100
lengthstr 17, count 2, freq 0.000001

111101
lengthstr 6, count 202, freq 0.000135

001000010100000101000101
lengthstr 24, count 2, freq 0.000001

0001000000100
lengthstr 13, count 2, freq 0.000001

00000000001
lengthstr 11, count 74, freq 0.000050

01000010100010010
lengthstr 17, count 4, freq 0.000003

0111011001100
lengthstr 13, count 2, freq 0.000001

10110010
lengthstr 8, count 4, freq 0.000003

1101000
lengthstr 7, count 20, freq 0.000013

1000010
lengthstr 7, count 38, freq 0.000025

0000101001000000
lengthstr 16, count 2, freq 0.000001

000111100
lengthstr 9, count 6, freq 0.000004

10000010
lengthstr 8, count 28, freq 0.000019

0001101111000111110
lengthstr 19, count 2, freq 0.000001

10100001010
lengthstr 11, count 2, freq 0.000001

0010001000
lengthstr 10, count 4, freq 0.000003

0111010110111
lengthstr 13, count 2, freq 0.000001

1101101011101101010110
lengthstr 22, count 2, freq 0.000001

110110111010101
lengthstr 15, count 2, freq 0.000001

0000
lengthstr 4, count 24092, freq 0.016126

0101010111111
lengthstr 13, count 2, freq 0.000001

1000100101
lengthstr 10, count 2, freq 0.000001

010111110111
lengthstr 12, count 4, freq 0.000003

11010111101101
lengthstr 14, count 2, freq 0.000001

10001000001000
lengthstr 14, count 2, freq 0.000001

001000100010100001001011
lengthstr 24, count 4, freq 0.000003

111000010
lengthstr 9, count 6, freq 0.000004

010110111011
lengthstr 12, count 4, freq 0.000003

001100110010
lengthstr 12, count 4, freq 0.000003

1100001110
lengthstr 10, count 4, freq 0.000003

11111101
lengthstr 8, count 102, freq 0.000068

00111001101
lengthstr 11, count 2, freq 0.000001

00100010
lengthstr 8, count 18, freq 0.000012

111111111111111
lengthstr 15, count 50, freq 0.000033

010111101110
lengthstr 12, count 2, freq 0.000001

1110110101111010101
lengthstr 19, count 2, freq 0.000001

1101000101010
lengthstr 13, count 6, freq 0.000004

101000100
lengthstr 9, count 8, freq 0.000005

1110111110101110111011
lengthstr 22, count 2, freq 0.000001

011111111111
lengthstr 12, count 84, freq 0.000056

0100111100
lengthstr 10, count 2, freq 0.000001

0000100001100100000010
lengthstr 22, count 2, freq 0.000001

010001000000
lengthstr 12, count 2, freq 0.000001

010011110110
lengthstr 12, count 2, freq 0.000001

010010001
lengthstr 9, count 4, freq 0.000003

10000001010000
lengthstr 14, count 2, freq 0.000001

11100001100111100111100011111110
lengthstr 32, count 2, freq 0.000001

110110100
lengthstr 9, count 4, freq 0.000003

0100000111
lengthstr 10, count 2, freq 0.000001

00000000000000
lengthstr 14, count 140, freq 0.000094

001000100000
lengthstr 12, count 2, freq 0.000001

010011001
lengthstr 9, count 2, freq 0.000001

101000100010100010010100
lengthstr 24, count 2, freq 0.000001

01000101000
lengthstr 11, count 2, freq 0.000001

001111111111111111111
lengthstr 21, count 2, freq 0.000001

011100001
lengthstr 9, count 4, freq 0.000003

01111011101101011111111
lengthstr 23, count 2, freq 0.000001

111100
lengthstr 6, count 210, freq 0.000141

10001001000100010
lengthstr 17, count 2, freq 0.000001

0000000000000000010
lengthstr 19, count 2, freq 0.000001

10111111111111111111111111
lengthstr 26, count 2, freq 0.000001

11110101011010
lengthstr 14, count 4, freq 0.000003

01010100000101
lengthstr 14, count 4, freq 0.000003

11100011110011011
lengthstr 17, count 2, freq 0.000001

010000111
lengthstr 9, count 4, freq 0.000003

000101010100000
lengthstr 15, count 2, freq 0.000001

100010000100
lengthstr 12, count 2, freq 0.000001

1000100010010100010011
lengthstr 22, count 2, freq 0.000001

1110011000110011110011
lengthstr 22, count 2, freq 0.000001

0000000000000000000000000
lengthstr 25, count 14, freq 0.000009

00010010010001
lengthstr 14, count 2, freq 0.000001

001010111
lengthstr 9, count 4, freq 0.000003

11110
lengthstr 5, count 3110, freq 0.002082

10110111100
lengthstr 11, count 6, freq 0.000004

110011100100100001100
lengthstr 21, count 2, freq 0.000001

01110101011010
lengthstr 14, count 2, freq 0.000001

1011
lengthstr 4, count 3240, freq 0.002169

1011000010
lengthstr 10, count 2, freq 0.000001

110000001010
lengthstr 12, count 2, freq 0.000001

1011110
lengthstr 7, count 50, freq 0.000033

011011010111010
lengthstr 15, count 2, freq 0.000001

11000001111
lengthstr 11, count 2, freq 0.000001

1011100001
lengthstr 10, count 2, freq 0.000001

00000010100
lengthstr 11, count 4, freq 0.000003

1101001010001001010100
lengthstr 22, count 2, freq 0.000001

0110010
lengthstr 7, count 6, freq 0.000004

11111011101101011111110
lengthstr 23, count 2, freq 0.000001

001001010101000010
lengthstr 18, count 2, freq 0.000001

0111101110101
lengthstr 13, count 2, freq 0.000001

01101101101111110010
lengthstr 20, count 2, freq 0.000001

111011101110
lengthstr 12, count 6, freq 0.000004

01111111111111111111
lengthstr 20, count 4, freq 0.000003

100000001110
lengthstr 12, count 2, freq 0.000001

101010010001010
lengthstr 15, count 2, freq 0.000001

0001010011
lengthstr 10, count 4, freq 0.000003

00010100001001
lengthstr 14, count 2, freq 0.000001

0010010000001000
lengthstr 16, count 2, freq 0.000001

00100101
lengthstr 8, count 12, freq 0.000008

10000101010100
lengthstr 14, count 2, freq 0.000001

00001001
lengthstr 8, count 8, freq 0.000005

11011001111110
lengthstr 14, count 2, freq 0.000001

011010101
lengthstr 9, count 2, freq 0.000001

000100110001
lengthstr 12, count 2, freq 0.000001

010101010101010101
lengthstr 18, count 4, freq 0.000003

01111000
lengthstr 8, count 2, freq 0.000001

00111110010
lengthstr 11, count 2, freq 0.000001

01111011
lengthstr 8, count 10, freq 0.000007

0101000
lengthstr 7, count 22, freq 0.000015

1000000011111
lengthstr 13, count 4, freq 0.000003

0000001010101
lengthstr 13, count 2, freq 0.000001

0011101010111111
lengthstr 16, count 2, freq 0.000001

110000101
lengthstr 9, count 2, freq 0.000001

00111111111111111111111
lengthstr 23, count 2, freq 0.000001

00000101010100
lengthstr 14, count 2, freq 0.000001

01110110111011101
lengthstr 17, count 2, freq 0.000001

101101010101111
lengthstr 15, count 2, freq 0.000001

0100001010
lengthstr 10, count 2, freq 0.000001

000000000000000000010
lengthstr 21, count 2, freq 0.000001

1100101001
lengthstr 10, count 2, freq 0.000001

001111110101
lengthstr 12, count 2, freq 0.000001

001001010000000011
lengthstr 18, count 2, freq 0.000001

11111111111111110
lengthstr 17, count 20, freq 0.000013

1110101111111
lengthstr 13, count 2, freq 0.000001

1100101010
lengthstr 10, count 4, freq 0.000003

0101000100100
lengthstr 13, count 2, freq 0.000001

0110111110
lengthstr 10, count 2, freq 0.000001

0101010111110
lengthstr 13, count 2, freq 0.000001

010010000111111100
lengthstr 18, count 2, freq 0.000001

0001010010100
lengthstr 13, count 2, freq 0.000001

00011010
lengthstr 8, count 6, freq 0.000004

0111111100
lengthstr 10, count 4, freq 0.000003

001101011110111011
lengthstr 18, count 4, freq 0.000003

1001001110010000100
lengthstr 19, count 2, freq 0.000001

10111000000
lengthstr 11, count 2, freq 0.000001

1011101011011
lengthstr 13, count 4, freq 0.000003

0000000000000000000000000000001
lengthstr 31, count 4, freq 0.000003

1101011100
lengthstr 10, count 2, freq 0.000001

000
lengthstr 3, count 32872, freq 0.022003

0101101
lengthstr 7, count 30, freq 0.000020

1000000101
lengthstr 10, count 2, freq 0.000001

001100110
lengthstr 9, count 2, freq 0.000001

1011011111101101111011110101
lengthstr 28, count 4, freq 0.000003

1101001000
lengthstr 10, count 2, freq 0.000001

000101000010001001
lengthstr 18, count 2, freq 0.000001

11000000001111
lengthstr 14, count 2, freq 0.000001

11011011010100
lengthstr 14, count 2, freq 0.000001

111001000000000001
lengthstr 18, count 2, freq 0.000001

110111111111010
lengthstr 15, count 2, freq 0.000001

100010101
lengthstr 9, count 6, freq 0.000004

00110000001000
lengthstr 14, count 2, freq 0.000001

1001010000
lengthstr 10, count 4, freq 0.000003

11101110100
lengthstr 11, count 2, freq 0.000001

10000000100
lengthstr 11, count 2, freq 0.000001

11000001101
lengthstr 11, count 2, freq 0.000001

11000101010010
lengthstr 14, count 4, freq 0.000003

0000000000000000011
lengthstr 19, count 2, freq 0.000001

101000001001
lengthstr 12, count 2, freq 0.000001

00010101010
lengthstr 11, count 6, freq 0.000004

00001001110
lengthstr 11, count 4, freq 0.000003

1011101
lengthstr 7, count 56, freq 0.000037

10111010111010101
lengthstr 17, count 2, freq 0.000001

0101111011
lengthstr 10, count 4, freq 0.000003

00010001
lengthstr 8, count 18, freq 0.000012

11110011011011
lengthstr 14, count 2, freq 0.000001

0010001010101
lengthstr 13, count 2, freq 0.000001

0000010101000
lengthstr 13, count 2, freq 0.000001

00110010011001100
lengthstr 17, count 2, freq 0.000001

011100001111000011000
lengthstr 21, count 2, freq 0.000001

0111110100
lengthstr 10, count 4, freq 0.000003

011010111101110111
lengthstr 18, count 2, freq 0.000001

1110101010
lengthstr 10, count 6, freq 0.000004

100100110000
lengthstr 12, count 2, freq 0.000001

10101000010001
lengthstr 14, count 2, freq 0.000001

100100110001
lengthstr 12, count 2, freq 0.000001

011011101110101111011010
lengthstr 24, count 2, freq 0.000001

0001100110000
lengthstr 13, count 2, freq 0.000001

1011111111111111
lengthstr 16, count 4, freq 0.000003

001110010
lengthstr 9, count 2, freq 0.000001

110000100
lengthstr 9, count 4, freq 0.000003

01101111011
lengthstr 11, count 2, freq 0.000001

11000010001001010000000
lengthstr 23, count 4, freq 0.000003

10011
lengthstr 5, count 142, freq 0.000095

00000000001010
lengthstr 14, count 2, freq 0.000001

111011101011
lengthstr 12, count 2, freq 0.000001

10110111101011010
lengthstr 17, count 2, freq 0.000001

11000110011011110000001
lengthstr 23, count 2, freq 0.000001

0110111111011011110111101010
lengthstr 28, count 2, freq 0.000001

01111100011000
lengthstr 14, count 2, freq 0.000001

010111011
lengthstr 9, count 8, freq 0.000005

000000000000000000000000000000
lengthstr 30, count 8, freq 0.000005

1001101
lengthstr 7, count 6, freq 0.000004

111111111111101
lengthstr 15, count 6, freq 0.000004

111000010001
lengthstr 12, count 2, freq 0.000001

010100
lengthstr 6, count 98, freq 0.000066

0010100011
lengthstr 10, count 2, freq 0.000001

110101100
lengthstr 9, count 4, freq 0.000003

1101111011
lengthstr 10, count 4, freq 0.000003

00001001000100
lengthstr 14, count 2, freq 0.000001

01000110011011110000001
lengthstr 23, count 2, freq 0.000001

000011001110
lengthstr 12, count 2, freq 0.000001

0001000001010
lengthstr 13, count 6, freq 0.000004

10100111000011
lengthstr 14, count 2, freq 0.000001

1010
lengthstr 4, count 2686, freq 0.001798

00011110001110
lengthstr 14, count 2, freq 0.000001

111111001
lengthstr 9, count 2, freq 0.000001

1110111010
lengthstr 10, count 8, freq 0.000005

111111111111111111101
lengthstr 21, count 2, freq 0.000001

01011111011011111010111
lengthstr 23, count 2, freq 0.000001

001000010
lengthstr 9, count 10, freq 0.000007

00000000000000000000000000011
lengthstr 29, count 2, freq 0.000001

001100110011110001101110
lengthstr 24, count 2, freq 0.000001

1010101010100
lengthstr 13, count 10, freq 0.000007

110110111110110101
lengthstr 18, count 2, freq 0.000001

110101111010111110101110
lengthstr 24, count 2, freq 0.000001

11011011011010101111
lengthstr 20, count 2, freq 0.000001

01010111010
lengthstr 11, count 2, freq 0.000001

110000001010010
lengthstr 15, count 2, freq 0.000001

11101011110100
lengthstr 14, count 2, freq 0.000001

100100010001010000100101
lengthstr 24, count 2, freq 0.000001

1100010100100
lengthstr 13, count 2, freq 0.000001

01111101010
lengthstr 11, count 6, freq 0.000004

10111101100
lengthstr 11, count 4, freq 0.000003

1011000010011
lengthstr 13, count 2, freq 0.000001

101001000101
lengthstr 12, count 2, freq 0.000001

1010001
lengthstr 7, count 36, freq 0.000024

111101110101110110101110
lengthstr 24, count 2, freq 0.000001

01110101101
lengthstr 11, count 2, freq 0.000001

11010111101010
lengthstr 14, count 2, freq 0.000001

1011111001100
lengthstr 13, count 2, freq 0.000001

00111001100100001111111
lengthstr 23, count 2, freq 0.000001

100100
lengthstr 6, count 60, freq 0.000040

100011100111
lengthstr 12, count 2, freq 0.000001

11011110101101
lengthstr 14, count 2, freq 0.000001

010111100011001101
lengthstr 18, count 2, freq 0.000001

1010000010
lengthstr 10, count 4, freq 0.000003

1101001000100
lengthstr 13, count 2, freq 0.000001

1100000010001
lengthstr 13, count 2, freq 0.000001

01011100
lengthstr 8, count 2, freq 0.000001

0010000101
lengthstr 10, count 2, freq 0.000001

01000010000
lengthstr 11, count 2, freq 0.000001

001111111
lengthstr 9, count 124, freq 0.000083

0111101101
lengthstr 10, count 4, freq 0.000003

0010010101
lengthstr 10, count 4, freq 0.000003

111111011110101
lengthstr 15, count 2, freq 0.000001

0000110000001
lengthstr 13, count 2, freq 0.000001

0010010000100
lengthstr 13, count 4, freq 0.000003

000001000
lengthstr 9, count 14, freq 0.000009

111011010110101
lengthstr 15, count 2, freq 0.000001

0000000010000
lengthstr 13, count 2, freq 0.000001

0011000011110011001110
lengthstr 22, count 2, freq 0.000001

11111111111111111111111111111
lengthstr 29, count 2, freq 0.000001

010011001111001101111001
lengthstr 24, count 2, freq 0.000001

1101110101011011
lengthstr 16, count 2, freq 0.000001

110010001
lengthstr 9, count 4, freq 0.000003

0100111
lengthstr 7, count 16, freq 0.000011

00010000010011
lengthstr 14, count 4, freq 0.000003

000110010
lengthstr 9, count 4, freq 0.000003

1101101101010100
lengthstr 16, count 2, freq 0.000001

0100110000
lengthstr 10, count 2, freq 0.000001

00010010000100
lengthstr 14, count 2, freq 0.000001

000100010001
lengthstr 12, count 6, freq 0.000004

11011011111
lengthstr 11, count 4, freq 0.000003

1100001111
lengthstr 10, count 4, freq 0.000003

01101011011
lengthstr 11, count 2, freq 0.000001

0000000000000000000
lengthstr 19, count 8, freq 0.000005

00011000011010
lengthstr 14, count 2, freq 0.000001

01011110111111
lengthstr 14, count 2, freq 0.000001

111111011111101010
lengthstr 18, count 2, freq 0.000001

0001010000100000000000011
lengthstr 25, count 2, freq 0.000001

10100100000
lengthstr 11, count 8, freq 0.000005

11111111111111111111111101
lengthstr 26, count 2, freq 0.000001

0101001
lengthstr 7, count 10, freq 0.000007

11110111011
lengthstr 11, count 2, freq 0.000001

01000101
lengthstr 8, count 24, freq 0.000016

101100111001
lengthstr 12, count 2, freq 0.000001

1100100100000001
lengthstr 16, count 2, freq 0.000001

0001001000010
lengthstr 13, count 4, freq 0.000003

010011000001
lengthstr 12, count 2, freq 0.000001

00010010001010
lengthstr 14, count 2, freq 0.000001

0111111111111111111111
lengthstr 22, count 20, freq 0.000013

10100001010001000
lengthstr 17, count 2, freq 0.000001

0100010000000
lengthstr 13, count 2, freq 0.000001

00111110101
lengthstr 11, count 6, freq 0.000004

010100001
lengthstr 9, count 2, freq 0.000001

0000100100
lengthstr 10, count 2, freq 0.000001

01011011011010101110
lengthstr 20, count 2, freq 0.000001

1101101111110110111101111010
lengthstr 28, count 2, freq 0.000001

000000100100000101001
lengthstr 21, count 2, freq 0.000001

110001000
lengthstr 9, count 2, freq 0.000001

011110111010
lengthstr 12, count 2, freq 0.000001

111111011
lengthstr 9, count 8, freq 0.000005

10101000101000
lengthstr 14, count 2, freq 0.000001

01000010100010011
lengthstr 17, count 4, freq 0.000003

010000011110110
lengthstr 15, count 2, freq 0.000001

0010100000101000001000
lengthstr 22, count 2, freq 0.000001

110101011110
lengthstr 12, count 2, freq 0.000001

01
lengthstr 2, count 95748, freq 0.064091

1010011111
lengthstr 10, count 2, freq 0.000001

10101010101010
lengthstr 14, count 18, freq 0.000012

01000000000101
lengthstr 14, count 2, freq 0.000001

0111101010111
lengthstr 13, count 2, freq 0.000001

10111010110
lengthstr 11, count 2, freq 0.000001

0001100000001111
lengthstr 16, count 2, freq 0.000001

101000001010000010000
lengthstr 21, count 2, freq 0.000001

11001110000100
lengthstr 14, count 2, freq 0.000001

0101001000100
lengthstr 13, count 2, freq 0.000001

010111110110
lengthstr 12, count 2, freq 0.000001

11101011011101011
lengthstr 17, count 2, freq 0.000001

010101110111
lengthstr 12, count 2, freq 0.000001

0100000101
lengthstr 10, count 4, freq 0.000003

101011110
lengthstr 9, count 2, freq 0.000001

0010010100
lengthstr 10, count 2, freq 0.000001

0101011011101
lengthstr 13, count 2, freq 0.000001

10111110110
lengthstr 11, count 2, freq 0.000001

110001101
lengthstr 9, count 2, freq 0.000001

1111011011110
lengthstr 13, count 2, freq 0.000001

111101110101110110101111
lengthstr 24, count 2, freq 0.000001

110101000
lengthstr 9, count 4, freq 0.000003

00101000010011
lengthstr 14, count 2, freq 0.000001

100000000000000000000000
lengthstr 24, count 18, freq 0.000012

001010010100
lengthstr 12, count 2, freq 0.000001

00101110101
lengthstr 11, count 12, freq 0.000008

110000000
lengthstr 9, count 124, freq 0.000083

101010010
lengthstr 9, count 6, freq 0.000004

10111111101
lengthstr 11, count 2, freq 0.000001

100001000
lengthstr 9, count 12, freq 0.000008

10110
lengthstr 5, count 176, freq 0.000118

000010001
lengthstr 9, count 6, freq 0.000004

111111101111010
lengthstr 15, count 2, freq 0.000001

10001
lengthstr 5, count 724, freq 0.000485

0000001
lengthstr 7, count 850, freq 0.000569

00100010001010101
lengthstr 17, count 2, freq 0.000001

110100010000
lengthstr 12, count 4, freq 0.000003

000111110
lengthstr 9, count 6, freq 0.000004

00101001
lengthstr 8, count 4, freq 0.000003

00010000000101010
lengthstr 17, count 2, freq 0.000001

10111110100
lengthstr 11, count 4, freq 0.000003

1101101111011010110
lengthstr 19, count 2, freq 0.000001

011010111
lengthstr 9, count 14, freq 0.000009

1010111010101
lengthstr 13, count 6, freq 0.000004

100100101010010010100101001
lengthstr 27, count 2, freq 0.000001

001100011110011010
lengthstr 18, count 2, freq 0.000001

1100011110
lengthstr 10, count 2, freq 0.000001

1000000000000000000000000000
lengthstr 28, count 4, freq 0.000003

000010100101
lengthstr 12, count 2, freq 0.000001

11101011
lengthstr 8, count 26, freq 0.000017

010100101
lengthstr 9, count 8, freq 0.000005

111100011001
lengthstr 12, count 2, freq 0.000001

011011010111111110
lengthstr 18, count 2, freq 0.000001

0010010000100101001
lengthstr 19, count 2, freq 0.000001

101101110100
lengthstr 12, count 4, freq 0.000003

001110101101
lengthstr 12, count 2, freq 0.000001

1011011011010
lengthstr 13, count 4, freq 0.000003

0001100
lengthstr 7, count 16, freq 0.000011

0111111111111111111111111111
lengthstr 28, count 2, freq 0.000001

010010010010101000100
lengthstr 21, count 2, freq 0.000001

01100101
lengthstr 8, count 4, freq 0.000003

010010000001001000010000101
lengthstr 27, count 2, freq 0.000001

1100010000
lengthstr 10, count 6, freq 0.000004

00000101
lengthstr 8, count 10, freq 0.000007

1000000
lengthstr 7, count 976, freq 0.000653

010010001010000100100000
lengthstr 24, count 2, freq 0.000001

0101110101111
lengthstr 13, count 2, freq 0.000001

00111010101101
lengthstr 14, count 4, freq 0.000003

011110101
lengthstr 9, count 2, freq 0.000001

1100000001
lengthstr 10, count 6, freq 0.000004

101010000000
lengthstr 12, count 2, freq 0.000001

1110110110101011
lengthstr 16, count 2, freq 0.000001

11110011
lengthstr 8, count 4, freq 0.000003

110101011110110
lengthstr 15, count 2, freq 0.000001

011111101
lengthstr 9, count 8, freq 0.000005

10100100000001010
lengthstr 17, count 2, freq 0.000001

0111111101111
lengthstr 13, count 2, freq 0.000001

110111110
lengthstr 9, count 6, freq 0.000004

011111101111110101
lengthstr 18, count 2, freq 0.000001

010011
lengthstr 6, count 38, freq 0.000025

00100001110000
lengthstr 14, count 2, freq 0.000001

00100100
lengthstr 8, count 14, freq 0.000009

00100001010001001
lengthstr 17, count 2, freq 0.000001

11000011100101
lengthstr 14, count 2, freq 0.000001

1001001011
lengthstr 10, count 2, freq 0.000001

00100111111
lengthstr 11, count 2, freq 0.000001

10111111111010
lengthstr 14, count 2, freq 0.000001

01111110101
lengthstr 11, count 2, freq 0.000001

00010010010101
lengthstr 14, count 2, freq 0.000001

000100101
lengthstr 9, count 10, freq 0.000007

1110010011101
lengthstr 13, count 2, freq 0.000001

01000000
lengthstr 8, count 192, freq 0.000129

0001111
lengthstr 7, count 50, freq 0.000033

010000110
lengthstr 9, count 2, freq 0.000001

101000011100110011
lengthstr 18, count 2, freq 0.000001

10100101001000
lengthstr 14, count 2, freq 0.000001

1000010010
lengthstr 10, count 4, freq 0.000003

11111111111111111
lengthstr 17, count 30, freq 0.000020

10000100000
lengthstr 11, count 4, freq 0.000003

00010100100
lengthstr 11, count 4, freq 0.000003

1111111110000
lengthstr 13, count 2, freq 0.000001

01111111111111111111111111
lengthstr 26, count 2, freq 0.000001

00111000000001
lengthstr 14, count 2, freq 0.000001

00000000
lengthstr 8, count 1746, freq 0.001169

010000110110000111101
lengthstr 21, count 2, freq 0.000001

1001010010
lengthstr 10, count 2, freq 0.000001

111011110101110110
lengthstr 18, count 2, freq 0.000001

1100111100001100110001
lengthstr 22, count 2, freq 0.000001

011000
lengthstr 6, count 34, freq 0.000023

0001000100101000010000001
lengthstr 25, count 2, freq 0.000001

1100110011011110011011
lengthstr 22, count 2, freq 0.000001

11101101101
lengthstr 11, count 2, freq 0.000001

110011011
lengthstr 9, count 6, freq 0.000004

111100111
lengthstr 9, count 2, freq 0.000001

000000110001
lengthstr 12, count 2, freq 0.000001

11011010111
lengthstr 11, count 4, freq 0.000003

111
lengthstr 3, count 32824, freq 0.021971

11110101011011110
lengthstr 17, count 2, freq 0.000001

0001001111100100111001110001
lengthstr 28, count 2, freq 0.000001

111011
lengthstr 6, count 156, freq 0.000104

10111101010110
lengthstr 14, count 2, freq 0.000001

11100100110001
lengthstr 14, count 2, freq 0.000001

01000001011
lengthstr 11, count 4, freq 0.000003

0010000000
lengthstr 10, count 10, freq 0.000007

0011101
lengthstr 7, count 36, freq 0.000024

011101110111110101
lengthstr 18, count 2, freq 0.000001

1111011111011010
lengthstr 16, count 2, freq 0.000001

0011110000
lengthstr 10, count 4, freq 0.000003

00001111110
lengthstr 11, count 2, freq 0.000001

101110010
lengthstr 9, count 2, freq 0.000001

0010000010001010000100
lengthstr 22, count 2, freq 0.000001

1000100010010100010010
lengthstr 22, count 2, freq 0.000001

000110111101110
lengthstr 15, count 2, freq 0.000001

10001100
lengthstr 8, count 2, freq 0.000001

001110111
lengthstr 9, count 2, freq 0.000001

00110101101
lengthstr 11, count 8, freq 0.000005

1010010011
lengthstr 10, count 2, freq 0.000001

010000000
lengthstr 9, count 126, freq 0.000084

0000000000000000000000000010
lengthstr 28, count 2, freq 0.000001

1100001000101
lengthstr 13, count 2, freq 0.000001

0001001001010100
lengthstr 16, count 2, freq 0.000001

1011111010
lengthstr 10, count 4, freq 0.000003

11011110101
lengthstr 11, count 4, freq 0.000003

011111110
lengthstr 9, count 32, freq 0.000021

11101111010111
lengthstr 14, count 4, freq 0.000003

1100110011010
lengthstr 13, count 2, freq 0.000001

11000011111
lengthstr 11, count 2, freq 0.000001

101000000101
lengthstr 12, count 2, freq 0.000001

01001000010
lengthstr 11, count 6, freq 0.000004

11010111111
lengthstr 11, count 4, freq 0.000003

010111111010101
lengthstr 15, count 2, freq 0.000001

01110111110111111011011110
lengthstr 26, count 2, freq 0.000001

101111111111
lengthstr 12, count 18, freq 0.000012

1001100
lengthstr 7, count 6, freq 0.000004

11110001
lengthstr 8, count 12, freq 0.000008

0001000100101000100101
lengthstr 22, count 2, freq 0.000001

11001001
lengthstr 8, count 2, freq 0.000001

0010010010011
lengthstr 13, count 2, freq 0.000001

0011111101
lengthstr 10, count 2, freq 0.000001

001000100000000100010100
lengthstr 24, count 2, freq 0.000001

0000000000000000
lengthstr 16, count 50, freq 0.000033

011101111
lengthstr 9, count 6, freq 0.000004

001111
lengthstr 6, count 364, freq 0.000244

011101
lengthstr 6, count 72, freq 0.000048

01001111110110
lengthstr 14, count 2, freq 0.000001

110001000000
lengthstr 12, count 2, freq 0.000001

01101111010110
lengthstr 14, count 2, freq 0.000001

1000100010101
lengthstr 13, count 2, freq 0.000001

01000001101
lengthstr 11, count 2, freq 0.000001

1111101010111
lengthstr 13, count 2, freq 0.000001

00111101110
lengthstr 11, count 2, freq 0.000001

00000011
lengthstr 8, count 84, freq 0.000056

1101110111010111101101010
lengthstr 25, count 2, freq 0.000001

10110111101011011
lengthstr 17, count 2, freq 0.000001

10101110101111
lengthstr 14, count 2, freq 0.000001

011011101111
lengthstr 12, count 2, freq 0.000001

00111111111111111
lengthstr 17, count 2, freq 0.000001

101111011011
lengthstr 12, count 2, freq 0.000001

10010000101000
lengthstr 14, count 2, freq 0.000001

101100110
lengthstr 9, count 2, freq 0.000001

01101111111
lengthstr 11, count 4, freq 0.000003

100010100100
lengthstr 12, count 4, freq 0.000003

011010
lengthstr 6, count 58, freq 0.000039

101100111110
lengthstr 12, count 2, freq 0.000001

100011001110
lengthstr 12, count 2, freq 0.000001

111011010
lengthstr 9, count 8, freq 0.000005

011100110
lengthstr 9, count 4, freq 0.000003

1010111110111010111101
lengthstr 22, count 4, freq 0.000003

001010011
lengthstr 9, count 4, freq 0.000003

0111111010
lengthstr 10, count 2, freq 0.000001

11111110
lengthstr 8, count 416, freq 0.000278

00010101001000010
lengthstr 17, count 2, freq 0.000001

1010101010
lengthstr 10, count 52, freq 0.000035

011111111111111111111
lengthstr 21, count 8, freq 0.000005

111101100
lengthstr 9, count 6, freq 0.000004

001111000
lengthstr 9, count 4, freq 0.000003

000100010000000010001010
lengthstr 24, count 2, freq 0.000001

10110111101011
lengthstr 14, count 4, freq 0.000003

0001100111001100001100
lengthstr 22, count 2, freq 0.000001

0011011
lengthstr 7, count 28, freq 0.000019

1100000110011
lengthstr 13, count 2, freq 0.000001

101000010001001010000000
lengthstr 24, count 2, freq 0.000001

010111111
lengthstr 9, count 8, freq 0.000005

0001000
lengthstr 7, count 50, freq 0.000033

01010001010
lengthstr 11, count 12, freq 0.000008

011111111
lengthstr 9, count 378, freq 0.000253

11101101101111110010
lengthstr 20, count 2, freq 0.000001

1011101010
lengthstr 10, count 4, freq 0.000003

10111000000001
lengthstr 14, count 2, freq 0.000001

0111011101
lengthstr 10, count 2, freq 0.000001

10000101010
lengthstr 11, count 4, freq 0.000003

11011110101010101
lengthstr 17, count 2, freq 0.000001

1000111111
lengthstr 10, count 4, freq 0.000003

011101101010101011
lengthstr 18, count 2, freq 0.000001

0000010100
lengthstr 10, count 10, freq 0.000007

11111100
lengthstr 8, count 90, freq 0.000060

101001010101000010
lengthstr 18, count 2, freq 0.000001

01110111
lengthstr 8, count 10, freq 0.000007

01110101010
lengthstr 11, count 2, freq 0.000001

0101110101011011
lengthstr 16, count 2, freq 0.000001

110011111
lengthstr 9, count 4, freq 0.000003

011100011110000111100111
lengthstr 24, count 2, freq 0.000001

111100001111000011000
lengthstr 21, count 2, freq 0.000001

001000000
lengthstr 9, count 14, freq 0.000009

1001110
lengthstr 7, count 10, freq 0.000007

110101111011010
lengthstr 15, count 2, freq 0.000001

00100001011
lengthstr 11, count 2, freq 0.000001

0010101011
lengthstr 10, count 4, freq 0.000003

0011000001
lengthstr 10, count 2, freq 0.000001

0011110001
lengthstr 10, count 4, freq 0.000003

011011101110101111011011
lengthstr 24, count 2, freq 0.000001

11011101101
lengthstr 11, count 2, freq 0.000001

1111011110011011111101
lengthstr 22, count 2, freq 0.000001

10001010010001010
lengthstr 17, count 2, freq 0.000001

01010101111101
lengthstr 14, count 2, freq 0.000001

01110110001
lengthstr 11, count 4, freq 0.000003

1111011111110
lengthstr 13, count 2, freq 0.000001

001111010
lengthstr 9, count 2, freq 0.000001

110110000000011
lengthstr 15, count 2, freq 0.000001

10010000000101010
lengthstr 17, count 2, freq 0.000001

001100110000110010000110
lengthstr 24, count 2, freq 0.000001

00010010000101
lengthstr 14, count 2, freq 0.000001

1011101011111011101111010111110
lengthstr 31, count 2, freq 0.000001

01011111110
lengthstr 11, count 4, freq 0.000003

01111110
lengthstr 8, count 144, freq 0.000096

01111010
lengthstr 8, count 6, freq 0.000004

0010110110
lengthstr 10, count 2, freq 0.000001

00011110000
lengthstr 11, count 4, freq 0.000003

1101000000000
lengthstr 13, count 2, freq 0.000001

10100000101
lengthstr 11, count 6, freq 0.000004

0101110111
lengthstr 10, count 8, freq 0.000005

101011011
lengthstr 9, count 6, freq 0.000004

11111111
lengthstr 8, count 1764, freq 0.001181

0000100001
lengthstr 10, count 2, freq 0.000001

101001110011100110
lengthstr 18, count 2, freq 0.000001

1010000010001010000101
lengthstr 22, count 2, freq 0.000001

110111011101011110110100
lengthstr 24, count 4, freq 0.000003

001010
lengthstr 6, count 314, freq 0.000210

01000101000101011
lengthstr 17, count 2, freq 0.000001

11011010
lengthstr 8, count 12, freq 0.000008

00100000101
lengthstr 11, count 4, freq 0.000003

010010000000000
lengthstr 15, count 2, freq 0.000001

100000000000000000000000000
lengthstr 27, count 2, freq 0.000001

1101011011
lengthstr 10, count 2, freq 0.000001

1111111100000
lengthstr 13, count 4, freq 0.000003

1010110111
lengthstr 10, count 2, freq 0.000001

00000000000000000
lengthstr 17, count 32, freq 0.000021

10100010010010
lengthstr 14, count 2, freq 0.000001

1111111110
lengthstr 10, count 148, freq 0.000099

010010100001000100
lengthstr 18, count 4, freq 0.000003

1110101110111110111110100
lengthstr 25, count 2, freq 0.000001

11011011010101
lengthstr 14, count 2, freq 0.000001

01010101001000010010100100
lengthstr 26, count 2, freq 0.000001

1000110000000
lengthstr 13, count 2, freq 0.000001

11010111110
lengthstr 11, count 2, freq 0.000001

00111000000100
lengthstr 14, count 2, freq 0.000001

100010001000001011
lengthstr 18, count 2, freq 0.000001

00110000100110001
lengthstr 17, count 2, freq 0.000001

1101000000
lengthstr 10, count 2, freq 0.000001

11011011101
lengthstr 11, count 2, freq 0.000001

001000101
lengthstr 9, count 4, freq 0.000003

00001110000000
lengthstr 14, count 2, freq 0.000001

0010111010101
lengthstr 13, count 6, freq 0.000004

010111111110111011110111101
lengthstr 27, count 2, freq 0.000001

0111101
lengthstr 7, count 34, freq 0.000023

110110000000010
lengthstr 15, count 2, freq 0.000001

0111111111111111111111111
lengthstr 25, count 6, freq 0.000004

0000010101
lengthstr 10, count 8, freq 0.000005

11101111010110
lengthstr 14, count 4, freq 0.000003

00101110
lengthstr 8, count 4, freq 0.000003

01100011
lengthstr 8, count 4, freq 0.000003

0101110110
lengthstr 10, count 4, freq 0.000003

00100100000001010
lengthstr 17, count 2, freq 0.000001

11100101
lengthstr 8, count 6, freq 0.000004

111111111111111111100
lengthstr 21, count 2, freq 0.000001

000100100010101
lengthstr 15, count 2, freq 0.000001

0110101111111
lengthstr 13, count 2, freq 0.000001

00100100001010000
lengthstr 17, count 2, freq 0.000001

01000011111
lengthstr 11, count 2, freq 0.000001

111001000010001
lengthstr 15, count 2, freq 0.000001

111111111111111111111111111
lengthstr 27, count 6, freq 0.000004

0101010110
lengthstr 10, count 2, freq 0.000001

00010000000
lengthstr 11, count 4, freq 0.000003

00111100011010
lengthstr 14, count 2, freq 0.000001

010010000
lengthstr 9, count 2, freq 0.000001

11111010101
lengthstr 11, count 4, freq 0.000003

1011010100
lengthstr 10, count 6, freq 0.000004

010101010101010100
lengthstr 18, count 4, freq 0.000003

1011100100
lengthstr 10, count 4, freq 0.000003

10110111111
lengthstr 11, count 4, freq 0.000003

01010101
lengthstr 8, count 190, freq 0.000127

00100100101010
lengthstr 14, count 2, freq 0.000001

111101111011
lengthstr 12, count 2, freq 0.000001

1111111111111111100
lengthstr 19, count 4, freq 0.000003

0011011011111110
lengthstr 16, count 2, freq 0.000001

0101110101
lengthstr 10, count 2, freq 0.000001

111110111010
lengthstr 12, count 2, freq 0.000001

1011011011011
lengthstr 13, count 4, freq 0.000003

01111101011
lengthstr 11, count 6, freq 0.000004

110010
lengthstr 6, count 52, freq 0.000035

00101011111010
lengthstr 14, count 4, freq 0.000003

10011010
lengthstr 8, count 4, freq 0.000003

11010111100
lengthstr 11, count 2, freq 0.000001

1011101110110101110111
lengthstr 22, count 2, freq 0.000001

11011101101110111
lengthstr 17, count 2, freq 0.000001

101010001000
lengthstr 12, count 2, freq 0.000001

1010110110
lengthstr 10, count 2, freq 0.000001

10111101010
lengthstr 11, count 2, freq 0.000001

10000111
lengthstr 8, count 4, freq 0.000003

00000000000000000000000000000001
lengthstr 32, count 4, freq 0.000003

1001000000
lengthstr 10, count 6, freq 0.000004

100001010
lengthstr 9, count 2, freq 0.000001

010010010
lengthstr 9, count 6, freq 0.000004

100000001110010
lengthstr 15, count 2, freq 0.000001

0110110000011011000110001111
lengthstr 28, count 2, freq 0.000001

00111011011101110
lengthstr 17, count 2, freq 0.000001

1110101101111100
lengthstr 16, count 2, freq 0.000001

01000000000000000
lengthstr 17, count 2, freq 0.000001

000010000010101
lengthstr 15, count 2, freq 0.000001

1111111111111111111100
lengthstr 22, count 4, freq 0.000003

1100100
lengthstr 7, count 28, freq 0.000019

0000100010
lengthstr 10, count 2, freq 0.000001

1101110101
lengthstr 10, count 2, freq 0.000001

100101001
lengthstr 9, count 6, freq 0.000004

1100000000000000000000000
lengthstr 25, count 2, freq 0.000001

011000011011
lengthstr 12, count 2, freq 0.000001

100010010
lengthstr 9, count 8, freq 0.000005

0100110001
lengthstr 10, count 2, freq 0.000001

11101111010111011010
lengthstr 20, count 2, freq 0.000001

010100001000
lengthstr 12, count 4, freq 0.000003

1000100100001
lengthstr 13, count 2, freq 0.000001

101000001010
lengthstr 12, count 2, freq 0.000001

01010010000
lengthstr 11, count 6, freq 0.000004

1011000011
lengthstr 10, count 2, freq 0.000001

1010101010000
lengthstr 13, count 2, freq 0.000001

0001111011
lengthstr 10, count 4, freq 0.000003

0000000011111
lengthstr 13, count 4, freq 0.000003

1100111000000
lengthstr 13, count 2, freq 0.000001

0000100101000010101
lengthstr 19, count 2, freq 0.000001

10101010101
lengthstr 11, count 30, freq 0.000020

1001010000000
lengthstr 13, count 2, freq 0.000001

1000000010000
lengthstr 13, count 2, freq 0.000001

11011111010
lengthstr 11, count 2, freq 0.000001

00100010101
lengthstr 11, count 4, freq 0.000003

0100010001000
lengthstr 13, count 2, freq 0.000001

10011100
lengthstr 8, count 4, freq 0.000003

100100001000010001
lengthstr 18, count 2, freq 0.000001

101111101100
lengthstr 12, count 4, freq 0.000003

01010000101010
lengthstr 14, count 2, freq 0.000001

101000000000000
lengthstr 15, count 2, freq 0.000001

11101100010
lengthstr 11, count 4, freq 0.000003

00100000
lengthstr 8, count 30, freq 0.000020

0010101001
lengthstr 10, count 2, freq 0.000001

011011101
lengthstr 9, count 2, freq 0.000001

0000000001
lengthstr 10, count 146, freq 0.000098

11111011
lengthstr 8, count 10, freq 0.000007

1110011110000
lengthstr 13, count 2, freq 0.000001

0010100000000
lengthstr 13, count 2, freq 0.000001

01111100011001
lengthstr 14, count 2, freq 0.000001

0101000001000101000010
lengthstr 22, count 4, freq 0.000003

00000000000
lengthstr 11, count 188, freq 0.000126

1101111010100
lengthstr 13, count 2, freq 0.000001

0001010000
lengthstr 10, count 2, freq 0.000001

10000000000001
lengthstr 14, count 4, freq 0.000003

1000111100110000111000
lengthstr 22, count 2, freq 0.000001

11011111
lengthstr 8, count 32, freq 0.000021

0100000001
lengthstr 10, count 2, freq 0.000001

101111101
lengthstr 9, count 18, freq 0.000012

0010111111101
lengthstr 13, count 6, freq 0.000004

11011101110101011
lengthstr 17, count 2, freq 0.000001

011101100110
lengthstr 12, count 2, freq 0.000001

111111011110100
lengthstr 15, count 2, freq 0.000001

1100111111
lengthstr 10, count 2, freq 0.000001

1111010110111110
lengthstr 16, count 2, freq 0.000001

101010101011
lengthstr 12, count 4, freq 0.000003

1100110011
lengthstr 10, count 2, freq 0.000001

1000010100
lengthstr 10, count 4, freq 0.000003

1010101010101
lengthstr 13, count 28, freq 0.000019

111101101011010
lengthstr 15, count 2, freq 0.000001

000100000
lengthstr 9, count 6, freq 0.000004

11101011011101010
lengthstr 17, count 2, freq 0.000001

10010101
lengthstr 8, count 22, freq 0.000015

01110011111
lengthstr 11, count 4, freq 0.000003

11000010101
lengthstr 11, count 2, freq 0.000001

01011111011
lengthstr 11, count 4, freq 0.000003

1111111111111111111111111
lengthstr 25, count 14, freq 0.000009

0101111111011
lengthstr 13, count 2, freq 0.000001

001011101
lengthstr 9, count 12, freq 0.000008

00001100100100
lengthstr 14, count 2, freq 0.000001

1111010
lengthstr 7, count 54, freq 0.000036

0110101010
lengthstr 10, count 8, freq 0.000005

100000010
lengthstr 9, count 8, freq 0.000005

00010011101
lengthstr 11, count 4, freq 0.000003

011001100111111100110000
lengthstr 24, count 2, freq 0.000001

1110110101
lengthstr 10, count 2, freq 0.000001

01111110101111
lengthstr 14, count 2, freq 0.000001

10100010100001
lengthstr 14, count 2, freq 0.000001

11010111010111
lengthstr 14, count 2, freq 0.000001

001100
lengthstr 6, count 36, freq 0.000024

1000011
lengthstr 7, count 36, freq 0.000024

101101111110110111101111010
lengthstr 27, count 2, freq 0.000001

1110001
lengthstr 7, count 40, freq 0.000027

11100011
lengthstr 8, count 4, freq 0.000003

111111111111111111111111100
lengthstr 27, count 2, freq 0.000001

00001010101
lengthstr 11, count 2, freq 0.000001

111101101010101010
lengthstr 18, count 2, freq 0.000001

0001100110001
lengthstr 13, count 2, freq 0.000001

101011101010
lengthstr 12, count 2, freq 0.000001

0000111110
lengthstr 10, count 8, freq 0.000005

1100010100
lengthstr 10, count 6, freq 0.000004

10111111111
lengthstr 11, count 20, freq 0.000013

00111000000101
lengthstr 14, count 2, freq 0.000001

110101111011011
lengthstr 15, count 2, freq 0.000001

11100100
lengthstr 8, count 6, freq 0.000004

1010010100
lengthstr 10, count 6, freq 0.000004

001000000001010
lengthstr 15, count 2, freq 0.000001

1011100110000
lengthstr 13, count 2, freq 0.000001

000010010100101
lengthstr 15, count 2, freq 0.000001

000000000010
lengthstr 12, count 14, freq 0.000009

10101011
lengthstr 8, count 38, freq 0.000025

000010101
lengthstr 9, count 8, freq 0.000005

11111111110
lengthstr 11, count 74, freq 0.000050

0000000000000000000000010
lengthstr 25, count 4, freq 0.000003

0110000000
lengthstr 10, count 6, freq 0.000004

110111101010
lengthstr 12, count 2, freq 0.000001

11111100011000
lengthstr 14, count 2, freq 0.000001

01010111101010
lengthstr 14, count 2, freq 0.000001

0100
lengthstr 4, count 3216, freq 0.002153

001000000100010
lengthstr 15, count 2, freq 0.000001

01011000
lengthstr 8, count 10, freq 0.000007

111111001110001
lengthstr 15, count 2, freq 0.000001

01101010
lengthstr 8, count 20, freq 0.000013

000100101001011
lengthstr 15, count 2, freq 0.000001

00011100001100100
lengthstr 17, count 2, freq 0.000001

111001100
lengthstr 9, count 4, freq 0.000003

01100
lengthstr 5, count 140, freq 0.000094

010001101
lengthstr 9, count 2, freq 0.000001

001100010
lengthstr 9, count 2, freq 0.000001

11010001010000
lengthstr 14, count 2, freq 0.000001

00011011010
lengthstr 11, count 2, freq 0.000001

110010010
lengthstr 9, count 2, freq 0.000001

0011111000
lengthstr 10, count 2, freq 0.000001

100000000000000000000000000000
lengthstr 30, count 2, freq 0.000001

01000010010
lengthstr 11, count 4, freq 0.000003

000111110001
lengthstr 12, count 2, freq 0.000001

01010000
lengthstr 8, count 4, freq 0.000003

101101110
lengthstr 9, count 4, freq 0.000003

111011011
lengthstr 9, count 10, freq 0.000007

11010111101100
lengthstr 14, count 2, freq 0.000001

001000100010
lengthstr 12, count 6, freq 0.000004

10101000001
lengthstr 11, count 2, freq 0.000001

1000000000111
lengthstr 13, count 2, freq 0.000001

010001010
lengthstr 9, count 8, freq 0.000005

1101100
lengthstr 7, count 26, freq 0.000017

110110110111011
lengthstr 15, count 2, freq 0.000001

0010000010100010001010
lengthstr 22, count 2, freq 0.000001

0010010000000
lengthstr 13, count 2, freq 0.000001

1010101010101010
lengthstr 16, count 2, freq 0.000001

000000110001110
lengthstr 15, count 2, freq 0.000001

111011110110110101110
lengthstr 21, count 2, freq 0.000001

100010100
lengthstr 9, count 4, freq 0.000003

111101101
lengthstr 9, count 6, freq 0.000004

0111111101
lengthstr 10, count 6, freq 0.000004

101000100001
lengthstr 12, count 2, freq 0.000001

101011111
lengthstr 9, count 8, freq 0.000005

10100100001010000
lengthstr 17, count 2, freq 0.000001

0010000010101
lengthstr 13, count 2, freq 0.000001

111111101011011
lengthstr 15, count 2, freq 0.000001

110111011100
lengthstr 12, count 6, freq 0.000004

001001100001110010011100
lengthstr 24, count 2, freq 0.000001

10011111
lengthstr 8, count 10, freq 0.000007

0100000000000
lengthstr 13, count 8, freq 0.000005

1100100000
lengthstr 10, count 2, freq 0.000001

0001000101
lengthstr 10, count 4, freq 0.000003

00101110110110
lengthstr 14, count 2, freq 0.000001

110100001
lengthstr 9, count 2, freq 0.000001

0111010101
lengthstr 10, count 2, freq 0.000001

111111101111011
lengthstr 15, count 2, freq 0.000001

0000110
lengthstr 7, count 26, freq 0.000017

1010100000101000001000
lengthstr 22, count 2, freq 0.000001

0101101111
lengthstr 10, count 6, freq 0.000004

10000100000100
lengthstr 14, count 2, freq 0.000001

11000000000
lengthstr 11, count 16, freq 0.000011

1111010110
lengthstr 10, count 6, freq 0.000004

00111111
lengthstr 8, count 190, freq 0.000127

00110000
lengthstr 8, count 12, freq 0.000008

11111111111111111111111110
lengthstr 26, count 10, freq 0.000007

110011111001101
lengthstr 15, count 2, freq 0.000001

110011001
lengthstr 9, count 2, freq 0.000001

101000010001
lengthstr 12, count 2, freq 0.000001

00011
lengthstr 5, count 1446, freq 0.000968

11111111010
lengthstr 11, count 2, freq 0.000001

101010101
lengthstr 9, count 58, freq 0.000039

11001110000101
lengthstr 14, count 2, freq 0.000001

1000101000001000100001010000011
lengthstr 31, count 2, freq 0.000001

010100010001
lengthstr 12, count 2, freq 0.000001

0110100
lengthstr 7, count 10, freq 0.000007

0111111011101
lengthstr 13, count 2, freq 0.000001

111100100
lengthstr 9, count 2, freq 0.000001

1101000000010
lengthstr 13, count 6, freq 0.000004

1100000010
lengthstr 10, count 2, freq 0.000001

1001111111
lengthstr 10, count 6, freq 0.000004

1001001110010000101
lengthstr 19, count 2, freq 0.000001

010101011110
lengthstr 12, count 2, freq 0.000001

0111000
lengthstr 7, count 16, freq 0.000011

11101011110111
lengthstr 14, count 2, freq 0.000001

001010010101
lengthstr 12, count 2, freq 0.000001

0011010110
lengthstr 10, count 2, freq 0.000001

001110
lengthstr 6, count 108, freq 0.000072

101101011111111011
lengthstr 18, count 2, freq 0.000001

1011001100
lengthstr 10, count 2, freq 0.000001

0101001010001001010100
lengthstr 22, count 2, freq 0.000001

0100101001
lengthstr 10, count 2, freq 0.000001

100001000101
lengthstr 12, count 2, freq 0.000001

1011101111111
lengthstr 13, count 2, freq 0.000001

1111111110101
lengthstr 13, count 2, freq 0.000001

000000000
lengthstr 9, count 492, freq 0.000329

0001000000
lengthstr 10, count 24, freq 0.000016

01010111110101
lengthstr 14, count 2, freq 0.000001

1000100000001
lengthstr 13, count 2, freq 0.000001

101100000
lengthstr 9, count 4, freq 0.000003

100000000000000000
lengthstr 18, count 20, freq 0.000013

1011010110
lengthstr 10, count 2, freq 0.000001

1100010
lengthstr 7, count 36, freq 0.000024

01000100100010001
lengthstr 17, count 2, freq 0.000001

0100010101010
lengthstr 13, count 2, freq 0.000001

11100110000
lengthstr 11, count 2, freq 0.000001

1000100001000101000100
lengthstr 22, count 2, freq 0.000001

000000100
lengthstr 9, count 6, freq 0.000004

1000100110011
lengthstr 13, count 2, freq 0.000001

10010000
lengthstr 8, count 16, freq 0.000011

001111100001001
lengthstr 15, count 2, freq 0.000001

010111010
lengthstr 9, count 4, freq 0.000003

100100000
lengthstr 9, count 2, freq 0.000001

10010100101
lengthstr 11, count 6, freq 0.000004

00000111
lengthstr 8, count 8, freq 0.000005

00101000101000
lengthstr 14, count 2, freq 0.000001

101100001001
lengthstr 12, count 2, freq 0.000001

1000101010
lengthstr 10, count 2, freq 0.000001

10100111111000000
lengthstr 17, count 2, freq 0.000001

101101011
lengthstr 9, count 14, freq 0.000009

000000010000101
lengthstr 15, count 2, freq 0.000001

01000111111
lengthstr 11, count 2, freq 0.000001

1110110111
lengthstr 10, count 2, freq 0.000001

101110110
lengthstr 9, count 6, freq 0.000004

0000111
lengthstr 7, count 32, freq 0.000021

10110010011001100
lengthstr 17, count 2, freq 0.000001

001100110011
lengthstr 12, count 4, freq 0.000003

001010111011
lengthstr 12, count 2, freq 0.000001

000001001010101010100
lengthstr 21, count 2, freq 0.000001

001001010101010101
lengthstr 18, count 2, freq 0.000001

1010111110
lengthstr 10, count 2, freq 0.000001

001111110
lengthstr 9, count 10, freq 0.000007

0011001100100
lengthstr 13, count 2, freq 0.000001

1100111100001100110000
lengthstr 22, count 2, freq 0.000001

10101010101010100
lengthstr 17, count 4, freq 0.000003

001000011100110011
lengthstr 18, count 2, freq 0.000001

11000110011011110000000
lengthstr 23, count 2, freq 0.000001

01111111111111
lengthstr 14, count 74, freq 0.000050

010101010111
lengthstr 12, count 2, freq 0.000001

10001010010
lengthstr 11, count 2, freq 0.000001

011111000
lengthstr 9, count 10, freq 0.000007

0000101001
lengthstr 10, count 6, freq 0.000004

100111110
lengthstr 9, count 2, freq 0.000001

0100001
lengthstr 7, count 56, freq 0.000037

0101111
lengthstr 7, count 32, freq 0.000021

11011011101011
lengthstr 14, count 2, freq 0.000001

11010100000101
lengthstr 14, count 4, freq 0.000003

10110110
lengthstr 8, count 4, freq 0.000003

100001
lengthstr 6, count 320, freq 0.000214

100010100101
lengthstr 12, count 2, freq 0.000001

0100010001011
lengthstr 13, count 2, freq 0.000001

01111111111111111111111
lengthstr 23, count 8, freq 0.000005

110111101101101011101
lengthstr 21, count 2, freq 0.000001

0001001001010101
lengthstr 16, count 2, freq 0.000001

011101110
lengthstr 9, count 2, freq 0.000001

110111101111
lengthstr 12, count 2, freq 0.000001

00111001100
lengthstr 11, count 4, freq 0.000003

1100000000000
lengthstr 13, count 6, freq 0.000004

11100001
lengthstr 8, count 18, freq 0.000012

1011101111011101011100
lengthstr 22, count 2, freq 0.000001

01010111111
lengthstr 11, count 4, freq 0.000003

10111001100100001111110
lengthstr 23, count 2, freq 0.000001

001100001001
lengthstr 12, count 2, freq 0.000001

11111111111111111111111111111111
lengthstr 32, count 8, freq 0.000005

11111111111110
lengthstr 14, count 60, freq 0.000040

11100001110001
lengthstr 14, count 2, freq 0.000001

000010001010001001010000
lengthstr 24, count 2, freq 0.000001

001111100
lengthstr 9, count 4, freq 0.000003

11100000011
lengthstr 11, count 2, freq 0.000001

110000010010000010100
lengthstr 21, count 4, freq 0.000003

111011110110110101111
lengthstr 21, count 2, freq 0.000001

1110101101
lengthstr 10, count 6, freq 0.000004

10000011110
lengthstr 11, count 2, freq 0.000001

100101000010001001
lengthstr 18, count 2, freq 0.000001

01001001001010100010
lengthstr 20, count 4, freq 0.000003

00011110
lengthstr 8, count 18, freq 0.000012

1100100101
lengthstr 10, count 2, freq 0.000001

10111101
lengthstr 8, count 12, freq 0.000008

1100000000000000000
lengthstr 19, count 2, freq 0.000001

011110000
lengthstr 9, count 8, freq 0.000005

010011001100
lengthstr 12, count 2, freq 0.000001

1111011011111
lengthstr 13, count 2, freq 0.000001

11010111101111
lengthstr 14, count 2, freq 0.000001

01000010101
lengthstr 11, count 2, freq 0.000001

0100010
lengthstr 7, count 56, freq 0.000037

10000000
lengthstr 8, count 1476, freq 0.000988

1110011001111
lengthstr 13, count 2, freq 0.000001

000000000000000000011
lengthstr 21, count 2, freq 0.000001

11111010
lengthstr 8, count 6, freq 0.000004

1001100001111
lengthstr 13, count 2, freq 0.000001

011100
lengthstr 6, count 68, freq 0.000046

1011011
lengthstr 7, count 24, freq 0.000016

0101010100
lengthstr 10, count 10, freq 0.000007

110000000000
lengthstr 12, count 12, freq 0.000008

0101011011
lengthstr 10, count 2, freq 0.000001

001100111110
lengthstr 12, count 2, freq 0.000001

10101000100
lengthstr 11, count 2, freq 0.000001

11111110110
lengthstr 11, count 2, freq 0.000001

01111100
lengthstr 8, count 12, freq 0.000008

110110
lengthstr 6, count 68, freq 0.000046

101110111111
lengthstr 12, count 2, freq 0.000001

00111111110
lengthstr 11, count 2, freq 0.000001

0111101011
lengthstr 10, count 4, freq 0.000003

011000000
lengthstr 9, count 6, freq 0.000004

111011111
lengthstr 9, count 6, freq 0.000004

100000010000
lengthstr 12, count 2, freq 0.000001

1110111111110100
lengthstr 16, count 2, freq 0.000001

11001101100110011
lengthstr 17, count 2, freq 0.000001

11010111101
lengthstr 11, count 2, freq 0.000001

1010011001000011100111110
lengthstr 25, count 2, freq 0.000001

101011101110
lengthstr 12, count 2, freq 0.000001

0001000010101
lengthstr 13, count 2, freq 0.000001

110100000
lengthstr 9, count 8, freq 0.000005

1011111111
lengthstr 10, count 34, freq 0.000023

1101011111011101011110
lengthstr 22, count 2, freq 0.000001

000101011
lengthstr 9, count 8, freq 0.000005

001010100001
lengthstr 12, count 2, freq 0.000001

110100100010
lengthstr 12, count 2, freq 0.000001

011011111011010101
lengthstr 18, count 2, freq 0.000001

100100010001010000100100
lengthstr 24, count 2, freq 0.000001

111111111101
lengthstr 12, count 10, freq 0.000007

11101101101111
lengthstr 14, count 2, freq 0.000001

10101010010
lengthstr 11, count 2, freq 0.000001

1
lengthstr 1, count 352512, freq 0.235960

0000111111110
lengthstr 13, count 2, freq 0.000001

01110111110110
lengthstr 14, count 2, freq 0.000001

011011111111101
lengthstr 15, count 2, freq 0.000001

001111111111111111111111
lengthstr 24, count 4, freq 0.000003

1111111111111111111111111110
lengthstr 28, count 8, freq 0.000005

10001100000
lengthstr 11, count 4, freq 0.000003

110110101011011010110101101
lengthstr 27, count 2, freq 0.000001

00010010010
lengthstr 11, count 2, freq 0.000001

0100100100
lengthstr 10, count 8, freq 0.000005

110000011110110
lengthstr 15, count 2, freq 0.000001

01001010010
lengthstr 11, count 8, freq 0.000005

010000101
lengthstr 9, count 2, freq 0.000001

11011010110
lengthstr 11, count 2, freq 0.000001

101010100001
lengthstr 12, count 2, freq 0.000001

111111111111111111111111110
lengthstr 27, count 4, freq 0.000003

110001000100
lengthstr 12, count 2, freq 0.000001

0001111000110000000000011
lengthstr 25, count 2, freq 0.000001

00110101
lengthstr 8, count 6, freq 0.000004

00111100
lengthstr 8, count 16, freq 0.000011

0010000010100010001011
lengthstr 22, count 2, freq 0.000001

100100010100001001000010
lengthstr 24, count 2, freq 0.000001

11101110
lengthstr 8, count 18, freq 0.000012

010010101010000
lengthstr 15, count 2, freq 0.000001

100100010100
lengthstr 12, count 2, freq 0.000001

00111101110110101111111
lengthstr 23, count 4, freq 0.000003

1110011111110000
lengthstr 16, count 2, freq 0.000001

1001001111100100111001110000
lengthstr 28, count 2, freq 0.000001

110101110111
lengthstr 12, count 2, freq 0.000001

1111001
lengthstr 7, count 26, freq 0.000017

0010111110111010111101
lengthstr 22, count 4, freq 0.000003

101010101000010
lengthstr 15, count 2, freq 0.000001

101100110010
lengthstr 12, count 2, freq 0.000001

01101100
lengthstr 8, count 2, freq 0.000001

000100101010101011
lengthstr 18, count 4, freq 0.000003

111110101
lengthstr 9, count 2, freq 0.000001

01000
lengthstr 5, count 800, freq 0.000535

000000010100
lengthstr 12, count 2, freq 0.000001

01000010001
lengthstr 11, count 4, freq 0.000003

0101010000001000010100
lengthstr 22, count 2, freq 0.000001

0001111011000011
lengthstr 16, count 2, freq 0.000001

0110110110110
lengthstr 13, count 2, freq 0.000001

100000000000000
lengthstr 15, count 16, freq 0.000011

1111011010111101010
lengthstr 19, count 2, freq 0.000001

0011100
lengthstr 7, count 20, freq 0.000013

0110001
lengthstr 7, count 10, freq 0.000007

0011100110000
lengthstr 13, count 2, freq 0.000001

1000000000000000
lengthstr 16, count 24, freq 0.000016

00100010010010
lengthstr 14, count 2, freq 0.000001

011011101011110110111100
lengthstr 24, count 2, freq 0.000001

1101011111110
lengthstr 13, count 2, freq 0.000001

00100100001010
lengthstr 14, count 2, freq 0.000001

01011101010
lengthstr 11, count 4, freq 0.000003

111010111
lengthstr 9, count 16, freq 0.000011

10100110000100
lengthstr 14, count 2, freq 0.000001

000100100001100
lengthstr 15, count 2, freq 0.000001

10011100001100100
lengthstr 17, count 2, freq 0.000001

11001000000
lengthstr 11, count 4, freq 0.000003

10011100001100101
lengthstr 17, count 2, freq 0.000001

01100000
lengthstr 8, count 8, freq 0.000005

11001000
lengthstr 8, count 10, freq 0.000007

0011001
lengthstr 7, count 4, freq 0.000003

001000001010
lengthstr 12, count 2, freq 0.000001

011
lengthstr 3, count 18706, freq 0.012521

011011010111111111
lengthstr 18, count 2, freq 0.000001

011111111111111111111111
lengthstr 24, count 18, freq 0.000012

10000101
lengthstr 8, count 2, freq 0.000001

1111000000001
lengthstr 13, count 2, freq 0.000001

101011
lengthstr 6, count 90, freq 0.000060

00110111111101010
lengthstr 17, count 2, freq 0.000001

01011011101011
lengthstr 14, count 2, freq 0.000001

0101101111110110111101111010
lengthstr 28, count 2, freq 0.000001

0101000100
lengthstr 10, count 6, freq 0.000004

00100100010101
lengthstr 14, count 2, freq 0.000001

101000
lengthstr 6, count 92, freq 0.000062

011111110001
lengthstr 12, count 2, freq 0.000001

00101000
lengthstr 8, count 8, freq 0.000005

1111111111111111111111
lengthstr 22, count 32, freq 0.000021

0000111100110000111000
lengthstr 22, count 2, freq 0.000001

111111
lengthstr 6, count 2516, freq 0.001684

00001100000
lengthstr 11, count 4, freq 0.000003

11111110101111
lengthstr 14, count 2, freq 0.000001

0100100000010010000100001011
lengthstr 28, count 4, freq 0.000003

0001010001000001000001011
lengthstr 25, count 2, freq 0.000001

11101010110111100
lengthstr 17, count 2, freq 0.000001

0001000000010101
lengthstr 16, count 2, freq 0.000001

011010101011111
lengthstr 15, count 2, freq 0.000001

00110110110011
lengthstr 14, count 2, freq 0.000001

10011000011000001101100010
lengthstr 26, count 2, freq 0.000001

101101011111111010
lengthstr 18, count 2, freq 0.000001

010000000000
lengthstr 12, count 12, freq 0.000008

1101101011
lengthstr 10, count 6, freq 0.000004

011100011001
lengthstr 12, count 2, freq 0.000001

00001110
lengthstr 8, count 12, freq 0.000008

01011011110
lengthstr 11, count 8, freq 0.000005

01110101100
lengthstr 11, count 2, freq 0.000001

0001111001100001100001111
lengthstr 25, count 2, freq 0.000001

0100010100000100010000101000000
lengthstr 31, count 2, freq 0.000001

0111111111110
lengthstr 13, count 2, freq 0.000001

010110111010101
lengthstr 15, count 2, freq 0.000001

01001111110111
lengthstr 14, count 2, freq 0.000001

10001111111
lengthstr 11, count 6, freq 0.000004

01011111010
lengthstr 11, count 4, freq 0.000003

000100100010100
lengthstr 15, count 2, freq 0.000001

010010000010010101
lengthstr 18, count 2, freq 0.000001

1101011111111
lengthstr 13, count 2, freq 0.000001

11111111111111111100
lengthstr 20, count 2, freq 0.000001

011101011
lengthstr 9, count 4, freq 0.000003

000001000101
lengthstr 12, count 2, freq 0.000001

01011110101010
lengthstr 14, count 2, freq 0.000001

11000101
lengthstr 8, count 2, freq 0.000001

00100001000100101000000
lengthstr 23, count 2, freq 0.000001

01111111111111111
lengthstr 17, count 10, freq 0.000007

0001000001010001000101
lengthstr 22, count 2, freq 0.000001

0011010
lengthstr 7, count 20, freq 0.000013

1001111
lengthstr 7, count 14, freq 0.000009

0100010101011
lengthstr 13, count 2, freq 0.000001

0101000101010
lengthstr 13, count 6, freq 0.000004

01011110111110
lengthstr 14, count 2, freq 0.000001

01011010
lengthstr 8, count 4, freq 0.000003

1100111100
lengthstr 10, count 6, freq 0.000004

00000000000000001
lengthstr 17, count 22, freq 0.000015

111111111
lengthstr 9, count 476, freq 0.000319

000011110
lengthstr 9, count 6, freq 0.000004

0111111100001
lengthstr 13, count 2, freq 0.000001

010111110110111110101
lengthstr 21, count 2, freq 0.000001

00100111000010
lengthstr 14, count 2, freq 0.000001

111101110111101111011010
lengthstr 24, count 2, freq 0.000001

0101111101110101111010
lengthstr 22, count 2, freq 0.000001

0101010111101111
lengthstr 16, count 2, freq 0.000001

1101111101011101110100
lengthstr 22, count 2, freq 0.000001

0010010001000
lengthstr 13, count 2, freq 0.000001

11110011110001
lengthstr 14, count 2, freq 0.000001

0100010100000
lengthstr 13, count 2, freq 0.000001

00010101011
lengthstr 11, count 6, freq 0.000004

01001000000
lengthstr 11, count 4, freq 0.000003

111101010
lengthstr 9, count 8, freq 0.000005

01000000000000
lengthstr 14, count 20, freq 0.000013

00010100
lengthstr 8, count 24, freq 0.000016

10111110101
lengthstr 11, count 10, freq 0.000007

010011110
lengthstr 9, count 2, freq 0.000001

0100100010010100
lengthstr 16, count 2, freq 0.000001

0110110100
lengthstr 10, count 2, freq 0.000001

0111111110000
lengthstr 13, count 2, freq 0.000001

0101110
lengthstr 7, count 32, freq 0.000021

0000101000
lengthstr 10, count 6, freq 0.000004

01101111110
lengthstr 11, count 2, freq 0.000001

00101101011
lengthstr 11, count 2, freq 0.000001

011110
lengthstr 6, count 308, freq 0.000206

1110101011
lengthstr 10, count 2, freq 0.000001

0100010000100010100010
lengthstr 22, count 2, freq 0.000001

101101111011110111
lengthstr 18, count 2, freq 0.000001

011101110101110110101111
lengthstr 24, count 2, freq 0.000001

001011010
lengthstr 9, count 4, freq 0.000003

101101010
lengthstr 9, count 2, freq 0.000001

11011
lengthstr 5, count 314, freq 0.000210

11110101011011
lengthstr 14, count 4, freq 0.000003

01111011101
lengthstr 11, count 4, freq 0.000003

100101010
lengthstr 9, count 2, freq 0.000001

0101010101010101
lengthstr 16, count 6, freq 0.000004

1111111010
lengthstr 10, count 2, freq 0.000001

100101000010001000
lengthstr 18, count 2, freq 0.000001

1011000
lengthstr 7, count 16, freq 0.000011

0110110110
lengthstr 10, count 2, freq 0.000001

00110001110
lengthstr 11, count 2, freq 0.000001

101000000100
lengthstr 12, count 2, freq 0.000001

10110111010101
lengthstr 14, count 2, freq 0.000001

11000010101010
lengthstr 14, count 2, freq 0.000001

101111000
lengthstr 9, count 4, freq 0.000003

01011101101101
lengthstr 14, count 2, freq 0.000001

011111100
lengthstr 9, count 8, freq 0.000005

01111010101101
lengthstr 14, count 2, freq 0.000001

000100010000
lengthstr 12, count 4, freq 0.000003

0010000000001
lengthstr 13, count 2, freq 0.000001

000000010
lengthstr 9, count 30, freq 0.000020

000000010000
lengthstr 12, count 2, freq 0.000001

00100100100101010000
lengthstr 20, count 2, freq 0.000001

011111011
lengthstr 9, count 4, freq 0.000003

01000001
lengthstr 8, count 30, freq 0.000020

1110101111101110111101011111010
lengthstr 31, count 2, freq 0.000001

00100000100000010010000100
lengthstr 26, count 2, freq 0.000001

101100110011110001101111
lengthstr 24, count 2, freq 0.000001

11100111100100
lengthstr 14, count 2, freq 0.000001

00010100011
lengthstr 11, count 2, freq 0.000001

001101111
lengthstr 9, count 2, freq 0.000001

00010010010100
lengthstr 14, count 2, freq 0.000001

101101
lengthstr 6, count 54, freq 0.000036

110011111001100
lengthstr 15, count 2, freq 0.000001

11000000000000000
lengthstr 17, count 2, freq 0.000001

10101011110111
lengthstr 14, count 4, freq 0.000003

000111
lengthstr 6, count 90, freq 0.000060

011101110111111110111010
lengthstr 24, count 2, freq 0.000001

000111111
lengthstr 9, count 10, freq 0.000007

1111010111
lengthstr 10, count 6, freq 0.000004

1101000001000101000010
lengthstr 22, count 4, freq 0.000003

001100011110011011
lengthstr 18, count 2, freq 0.000001

1101111100
lengthstr 10, count 4, freq 0.000003

1010001010101
lengthstr 13, count 4, freq 0.000003

011110111
lengthstr 9, count 12, freq 0.000008

1100101000
lengthstr 10, count 2, freq 0.000001

001110111011
lengthstr 12, count 2, freq 0.000001

10110000001001
lengthstr 14, count 2, freq 0.000001

11011011011101
lengthstr 14, count 2, freq 0.000001

0010000010001010000101
lengthstr 22, count 2, freq 0.000001

10110111010110
lengthstr 14, count 2, freq 0.000001

0011000011110011001110000111101
lengthstr 31, count 2, freq 0.000001

110000110110000111100
lengthstr 21, count 2, freq 0.000001

00010000010010
lengthstr 14, count 4, freq 0.000003

0010101010101010
lengthstr 16, count 2, freq 0.000001

01001101100110011
lengthstr 17, count 2, freq 0.000001

00000101010
lengthstr 11, count 4, freq 0.000003

0010000011
lengthstr 10, count 4, freq 0.000003

111101101010101011
lengthstr 18, count 2, freq 0.000001

10100001001
lengthstr 11, count 6, freq 0.000004

1100111101
lengthstr 10, count 6, freq 0.000004

01101101
lengthstr 8, count 4, freq 0.000003

001000010010010100010
lengthstr 21, count 2, freq 0.000001

01000101001000100
lengthstr 17, count 2, freq 0.000001

0111000000110
lengthstr 13, count 2, freq 0.000001

10011001100000001
lengthstr 17, count 2, freq 0.000001

0001100000001
lengthstr 13, count 2, freq 0.000001

0100000000000000000000000
lengthstr 25, count 2, freq 0.000001

00001010100100001
lengthstr 17, count 2, freq 0.000001

01110000001
lengthstr 11, count 2, freq 0.000001

10110000001000
lengthstr 14, count 2, freq 0.000001

01101110
lengthstr 8, count 2, freq 0.000001

10000
lengthstr 5, count 3000, freq 0.002008

110111100
lengthstr 9, count 10, freq 0.000007

00001000
lengthstr 8, count 10, freq 0.000007

10000011100110
lengthstr 14, count 2, freq 0.000001

110010000010010101
lengthstr 18, count 2, freq 0.000001

101010101111
lengthstr 12, count 2, freq 0.000001

100000000000
lengthstr 12, count 74, freq 0.000050

111101110
lengthstr 9, count 6, freq 0.000004

0100111101
lengthstr 10, count 2, freq 0.000001

0000000000000001
lengthstr 16, count 26, freq 0.000017

110000000000000
lengthstr 15, count 6, freq 0.000004

101111110111111011
lengthstr 18, count 2, freq 0.000001

00011000011000001101100011
lengthstr 26, count 2, freq 0.000001

1100100100
lengthstr 10, count 4, freq 0.000003

001100000
lengthstr 9, count 4, freq 0.000003

10101001
lengthstr 8, count 6, freq 0.000004

0111011011110
lengthstr 13, count 2, freq 0.000001

10110110110101011101
lengthstr 20, count 4, freq 0.000003

110111010111101101111010
lengthstr 24, count 2, freq 0.000001

111111001111
lengthstr 12, count 4, freq 0.000003

000101000010101
lengthstr 15, count 2, freq 0.000001

10100001010101
lengthstr 14, count 2, freq 0.000001

1100110011011110011010
lengthstr 22, count 2, freq 0.000001

00001100
lengthstr 8, count 4, freq 0.000003

11010001010
lengthstr 11, count 12, freq 0.000008

0101110111011
lengthstr 13, count 2, freq 0.000001

00011100111101
lengthstr 14, count 2, freq 0.000001

1010000
lengthstr 7, count 38, freq 0.000025

0110101111
lengthstr 10, count 4, freq 0.000003

00001010000101
lengthstr 14, count 2, freq 0.000001

001001
lengthstr 6, count 62, freq 0.000042

101110111101
lengthstr 12, count 2, freq 0.000001

11001100
lengthstr 8, count 8, freq 0.000005

1111010110111111
lengthstr 16, count 2, freq 0.000001

11011101011
lengthstr 11, count 4, freq 0.000003

110110110111010
lengthstr 15, count 2, freq 0.000001

0001010010000011
lengthstr 16, count 2, freq 0.000001

1011010101
lengthstr 10, count 10, freq 0.000007

1110101111011111111111101
lengthstr 25, count 2, freq 0.000001

011011101110
lengthstr 12, count 4, freq 0.000003

01110011110001
lengthstr 14, count 2, freq 0.000001

001
lengthstr 3, count 24478, freq 0.016385

0001000100101000100100
lengthstr 22, count 2, freq 0.000001

11111000
lengthstr 8, count 2, freq 0.000001

0000010
lengthstr 7, count 110, freq 0.000074

010110101111011101
lengthstr 18, count 2, freq 0.000001

0111100
lengthstr 7, count 32, freq 0.000021

10000100011
lengthstr 11, count 2, freq 0.000001

0101100110111100011000001
lengthstr 25, count 2, freq 0.000001

011110110
lengthstr 9, count 2, freq 0.000001

0011001100
lengthstr 10, count 2, freq 0.000001

101000010
lengthstr 9, count 8, freq 0.000005

001111100001
lengthstr 12, count 2, freq 0.000001

11101111101011
lengthstr 14, count 2, freq 0.000001

01101110101101
lengthstr 14, count 2, freq 0.000001

000000000000011
lengthstr 15, count 6, freq 0.000004

10100111000010
lengthstr 14, count 2, freq 0.000001

000100000010001
lengthstr 15, count 2, freq 0.000001

1101010111101111
lengthstr 16, count 2, freq 0.000001

11111100011001
lengthstr 14, count 2, freq 0.000001

010010001010000100100001
lengthstr 24, count 2, freq 0.000001

101000100010100010010100000
lengthstr 27, count 2, freq 0.000001

110010000100001000
lengthstr 18, count 2, freq 0.000001

01001000
lengthstr 8, count 12, freq 0.000008

101010010010
lengthstr 12, count 2, freq 0.000001

110110011110001101100011
lengthstr 24, count 2, freq 0.000001

10000010100
lengthstr 11, count 2, freq 0.000001

0111
lengthstr 4, count 9246, freq 0.006189

1011101101
lengthstr 10, count 4, freq 0.000003

110001
lengthstr 6, count 110, freq 0.000074

00001010000100
lengthstr 14, count 2, freq 0.000001

101110111010
lengthstr 12, count 2, freq 0.000001

00011101
lengthstr 8, count 4, freq 0.000003

1001001001
lengthstr 10, count 2, freq 0.000001

010100000101000001000
lengthstr 21, count 2, freq 0.000001

110111110111
lengthstr 12, count 4, freq 0.000003

010001000101000100101000
lengthstr 24, count 4, freq 0.000003

10100001000001
lengthstr 14, count 2, freq 0.000001

100000010000001011
lengthstr 18, count 2, freq 0.000001

011111011011
lengthstr 12, count 2, freq 0.000001

10111101101
lengthstr 11, count 4, freq 0.000003

00100100010
lengthstr 11, count 2, freq 0.000001

0010101000001
lengthstr 13, count 2, freq 0.000001

11111111100
lengthstr 11, count 14, freq 0.000009

0000100110011
lengthstr 13, count 2, freq 0.000001

110011100
lengthstr 9, count 2, freq 0.000001

1010010
lengthstr 7, count 28, freq 0.000019

0000010001010
lengthstr 13, count 2, freq 0.000001

001111101
lengthstr 9, count 12, freq 0.000008

001000011100110010
lengthstr 18, count 2, freq 0.000001

0101011111011101011110
lengthstr 22, count 2, freq 0.000001

10000001011
lengthstr 11, count 2, freq 0.000001

01000010011
lengthstr 11, count 4, freq 0.000003

10100111110
lengthstr 11, count 2, freq 0.000001

11110000001
lengthstr 11, count 2, freq 0.000001

0101101010
lengthstr 10, count 8, freq 0.000005

0001000001
lengthstr 10, count 20, freq 0.000013

0101011111111
lengthstr 13, count 2, freq 0.000001

10111110010
lengthstr 11, count 2, freq 0.000001

111011101110101111011011
lengthstr 24, count 2, freq 0.000001

111011101
lengthstr 9, count 6, freq 0.000004

01011101011
lengthstr 11, count 4, freq 0.000003

00000011110
lengthstr 11, count 2, freq 0.000001

1010010001000
lengthstr 13, count 2, freq 0.000001

0000000000000000000000
lengthstr 22, count 34, freq 0.000023

011000001
lengthstr 9, count 2, freq 0.000001

0000000011110
lengthstr 13, count 2, freq 0.000001

01000110
lengthstr 8, count 4, freq 0.000003

1011101011100
lengthstr 13, count 2, freq 0.000001

01000000010
lengthstr 11, count 2, freq 0.000001

10111011
lengthstr 8, count 26, freq 0.000017

00011110011000011000011100000001
lengthstr 32, count 2, freq 0.000001

010011011
lengthstr 9, count 2, freq 0.000001

01011110101110110
lengthstr 17, count 2, freq 0.000001

01001000010100
lengthstr 14, count 4, freq 0.000003

0100010001010
lengthstr 13, count 2, freq 0.000001

100000111
lengthstr 9, count 8, freq 0.000005

11
lengthstr 2, count 95700, freq 0.064058

1010010000001001000010000100
lengthstr 28, count 2, freq 0.000001

101111001001111000011
lengthstr 21, count 2, freq 0.000001

00100111111000000
lengthstr 17, count 2, freq 0.000001

0001100111001100001101
lengthstr 22, count 2, freq 0.000001

000000011
lengthstr 9, count 28, freq 0.000019

1111011011
lengthstr 10, count 2, freq 0.000001

1100000111
lengthstr 10, count 2, freq 0.000001

01111010101
lengthstr 11, count 4, freq 0.000003

0001001000011
lengthstr 13, count 4, freq 0.000003

111101111
lengthstr 9, count 10, freq 0.000007

01011000111100
lengthstr 14, count 2, freq 0.000001

101101101011100
lengthstr 15, count 2, freq 0.000001

1000111111001
lengthstr 13, count 2, freq 0.000001

1110101
lengthstr 7, count 50, freq 0.000033

010111100011001100
lengthstr 18, count 2, freq 0.000001

1110110110101010
lengthstr 16, count 2, freq 0.000001

111000010000
lengthstr 12, count 2, freq 0.000001

0100101
lengthstr 7, count 26, freq 0.000017

000000000000000000
lengthstr 18, count 50, freq 0.000033

1011101110
lengthstr 10, count 2, freq 0.000001

100000000
lengthstr 9, count 386, freq 0.000258

done
